HashTag,CreatedTime,LastModifiedTime,State
entrepreneurship,2016-12-14 05:49:25,2016-12-14 05:49:25,Follow
venturecapital,2016-12-14 05:49:25,2016-12-14 05:49:25,Follow
investing,2016-12-14 05:49:25,2016-12-14 05:49:25,Follow
startups,2016-12-14 05:49:25,2016-12-14 05:49:25,Follow
leanstartups,2016-12-14 05:49:25,2016-12-14 05:49:25,Follow
softwareengineering,2016-12-14 05:49:02,2016-12-14 05:49:02,Follow
agilesoftwaredevelopment,2016-12-14 05:49:02,2016-12-14 05:49:02,Follow
programming,2016-12-14 05:49:02,2016-12-14 05:49:02,Follow
softwaredesign,2016-12-14 05:49:02,2016-12-14 05:49:02,Follow
