Date,Type,Link
2025-10-18 14:10:49,LIKE,https://www.linkedin.com/feed/update/urn%3Ali%3Aactivity%3A7383951872627277824
2025-10-18 14:00:35,PRAISE,https://www.linkedin.com/feed/update/urn%3Ali%3Aactivity%3A7383537631298523136
2025-10-11 11:47:42,LIKE,https://www.linkedin.com/feed/update/urn%3Ali%3Aactivity%3A7382044019758931968
2025-10-11 11:46:22,PRAISE,https://www.linkedin.com/feed/update/urn%3Ali%3Aactivity%3A7381085481284943872
2025-10-11 02:22:15,ENTERTAINMENT,https://www.linkedin.com/feed/update/urn%3Ali%3Aactivity%3A7380888316646150147
2025-09-27 23:57:14,EMPATHY,https://www.linkedin.com/feed/update/urn%3Ali%3Aactivity%3A7377353966034255872
2025-09-23 23:24:56,LIKE,https://www.linkedin.com/feed/update/urn%3Ali%3Aactivity%3A7376063482837753856
2025-09-19 13:25:22,LIKE,https://www.linkedin.com/feed/update/urn%3Ali%3Aactivity%3A7328911440516378624
2025-09-17 01:41:39,EMPATHY,https://www.linkedin.com/feed/update/urn%3Ali%3Aactivity%3A7371188157641551872
2025-08-09 09:06:25,LIKE,https://www.linkedin.com/feed/update/urn%3Ali%3Aactivity%3A7359535535830278144
2025-08-04 09:50:08,LIKE,https://www.linkedin.com/feed/update/urn%3Ali%3Aactivity%3A7353503237435523072
2025-08-04 09:47:25,LIKE,https://www.linkedin.com/feed/update/urn%3Ali%3Aactivity%3A7353912876039901184
2025-08-02 13:37:15,LIKE,https://www.linkedin.com/feed/update/urn%3Ali%3Aactivity%3A7282788325344600065?commentUrn=urn%3Ali%3Acomment%3A%28activity%3A7282788325344600065%2C7282804260868689921%29
2025-08-02 13:31:47,LIKE,https://www.linkedin.com/feed/update/urn%3Ali%3Aactivity%3A7282788325344600065
2025-07-04 14:02:47,EMPATHY,https://www.linkedin.com/feed/update/urn%3Ali%3Aactivity%3A7345865839264296961
2025-06-19 19:42:34,LIKE,https://www.linkedin.com/feed/update/urn%3Ali%3AugcPost%3A7341174593761468417
2025-05-24 18:21:03,LIKE,https://www.linkedin.com/feed/update/urn%3Ali%3AugcPost%3A7331355197341892610
2025-04-29 13:33:46,LIKE,https://www.linkedin.com/feed/update/urn%3Ali%3Aactivity%3A7322741797875548160
2025-04-22 04:39:33,EMPATHY,https://www.linkedin.com/feed/update/urn%3Ali%3Aactivity%3A7318777442309992449
2025-04-20 05:06:16,LIKE,https://www.linkedin.com/feed/update/urn%3Ali%3Aactivity%3A7317685553611657217
2025-04-16 01:34:09,LIKE,https://www.linkedin.com/feed/update/urn%3Ali%3Aactivity%3A7316573883199807489
2025-04-05 11:39:46,LIKE,https://www.linkedin.com/feed/update/urn%3Ali%3Aactivity%3A7312697019725189120
2025-04-05 11:39:16,LIKE,https://www.linkedin.com/feed/update/urn%3Ali%3Aactivity%3A7312525916256051201
2025-04-05 11:39:12,LIKE,https://www.linkedin.com/feed/update/urn%3Ali%3Aactivity%3A7312591814169882624
2025-04-05 11:38:38,LIKE,https://www.linkedin.com/feed/update/urn%3Ali%3Aactivity%3A7312853144353329154
2025-03-31 10:00:28,LIKE,https://www.linkedin.com/feed/update/urn%3Ali%3AugcPost%3A7304927466676994049
2025-03-31 09:59:50,LIKE,https://www.linkedin.com/feed/update/urn%3Ali%3Aactivity%3A7308929196163063808
2025-03-31 09:59:20,LIKE,https://www.linkedin.com/feed/update/urn%3Ali%3Aactivity%3A7310672160639897600
2025-03-31 09:58:43,LIKE,https://www.linkedin.com/feed/update/urn%3Ali%3AugcPost%3A7310866205022568448
2025-03-31 09:57:20,LIKE,https://www.linkedin.com/feed/update/urn%3Ali%3Aactivity%3A7311093151232897025
2025-03-31 09:57:01,LIKE,https://www.linkedin.com/feed/update/urn%3Ali%3Aactivity%3A7307538544959336448
2025-03-31 09:56:25,LIKE,https://www.linkedin.com/feed/update/urn%3Ali%3Aactivity%3A7308539173936709632
2025-03-31 09:56:06,LIKE,https://www.linkedin.com/feed/update/urn%3Ali%3Aactivity%3A7311379223665889285
2025-03-31 09:55:19,LIKE,https://www.linkedin.com/feed/update/urn%3Ali%3Aactivity%3A7310692624565227522
2025-03-31 09:53:49,LIKE,https://www.linkedin.com/feed/update/urn%3Ali%3Aactivity%3A7311524544161218560
2025-03-31 09:48:56,EMPATHY,https://www.linkedin.com/feed/update/urn%3Ali%3Aactivity%3A7311403627120635904
2025-03-18 17:04:21,LIKE,https://www.linkedin.com/feed/update/urn%3Ali%3Aactivity%3A7305013886154338304
2025-03-12 19:59:43,LIKE,https://www.linkedin.com/feed/update/urn%3Ali%3Aactivity%3A7304579522182459392
2025-03-11 15:59:17,LIKE,https://www.linkedin.com/feed/update/urn%3Ali%3Aactivity%3A7303786879030611969
2025-02-28 21:41:14,LIKE,https://www.linkedin.com/feed/update/urn%3Ali%3AugcPost%3A7301079390585544705?commentUrn=urn%3Ali%3Acomment%3A%28ugcPost%3A7301079390585544705%2C7301304922032021504%29
2025-02-28 21:40:30,LIKE,https://www.linkedin.com/feed/update/urn%3Ali%3AugcPost%3A7301079390585544705?commentUrn=urn%3Ali%3Acomment%3A%28ugcPost%3A7301079390585544705%2C7301308679281074176%29
2025-02-28 21:35:10,LIKE,https://www.linkedin.com/feed/update/urn%3Ali%3Aactivity%3A7301287463115706368
2025-02-12 04:38:46,LIKE,https://www.linkedin.com/feed/update/urn%3Ali%3Aactivity%3A7293655824558686208
2025-02-04 21:17:04,EMPATHY,https://www.linkedin.com/feed/update/urn%3Ali%3Aactivity%3A7290552136239591424
2025-02-04 16:06:35,LIKE,https://www.linkedin.com/feed/update/urn%3Ali%3Aactivity%3A7290861383305281536
2025-02-03 17:41:46,LIKE,https://www.linkedin.com/feed/update/urn%3Ali%3AugcPost%3A7291266837051318272
2025-02-03 17:39:21,LIKE,https://www.linkedin.com/feed/update/urn%3Ali%3Aactivity%3A7288591087751884800
2025-01-29 17:17:25,ENTERTAINMENT,https://www.linkedin.com/feed/update/urn%3Ali%3Aactivity%3A7289843201937453057
2025-01-16 17:54:12,LIKE,https://www.linkedin.com/feed/update/urn%3Ali%3Aactivity%3A7275530811934662656
2024-12-18 03:46:22,LIKE,https://www.linkedin.com/feed/update/urn%3Ali%3Aactivity%3A7272689942114230274?commentUrn=urn%3Ali%3Acomment%3A%28activity%3A7272689942114230274%2C7274578808324648960%29
2024-12-18 03:45:32,LIKE,https://www.linkedin.com/feed/update/urn%3Ali%3Aactivity%3A7272689942114230274?commentUrn=urn%3Ali%3Acomment%3A%28activity%3A7272689942114230274%2C7274893592765034496%29
2024-12-18 03:44:35,LIKE,https://www.linkedin.com/feed/update/urn%3Ali%3Aactivity%3A7272689942114230274?commentUrn=urn%3Ali%3Acomment%3A%28activity%3A7272689942114230274%2C7274636538209021953%29
2024-12-18 03:44:16,LIKE,https://www.linkedin.com/feed/update/urn%3Ali%3Aactivity%3A7272689942114230274?commentUrn=urn%3Ali%3Acomment%3A%28activity%3A7272689942114230274%2C7274968059130318848%29
2024-12-18 03:43:50,LIKE,https://www.linkedin.com/feed/update/urn%3Ali%3Aactivity%3A7272689942114230274?commentUrn=urn%3Ali%3Acomment%3A%28activity%3A7272689942114230274%2C7274654234027921409%29
2024-12-18 03:42:59,LIKE,https://www.linkedin.com/feed/update/urn%3Ali%3Aactivity%3A7272689942114230274?commentUrn=urn%3Ali%3Acomment%3A%28activity%3A7272689942114230274%2C7274510652067524609%29
2024-12-18 03:39:46,ENTERTAINMENT,https://www.linkedin.com/feed/update/urn%3Ali%3Aactivity%3A7272689942114230274
2024-12-18 03:39:10,LIKE,https://www.linkedin.com/feed/update/urn%3Ali%3Aactivity%3A7265338281834246144
2024-12-07 12:25:23,APPRECIATION,https://www.linkedin.com/feed/update/urn%3Ali%3Aactivity%3A7265554325257478144
2024-12-07 12:22:44,LIKE,https://www.linkedin.com/feed/update/urn%3Ali%3Aactivity%3A7268689780530462721
2024-12-07 12:19:21,EMPATHY,https://www.linkedin.com/feed/update/urn%3Ali%3Aactivity%3A7269679580318257152
2024-11-17 18:55:58,LIKE,https://www.linkedin.com/feed/update/urn%3Ali%3Aactivity%3A7263228743563816961?commentUrn=urn%3Ali%3Acomment%3A%28activity%3A7263228743563816961%2C7263323098706264064%29
2024-11-17 18:52:37,LIKE,https://www.linkedin.com/feed/update/urn%3Ali%3Aactivity%3A7263228743563816961
2024-08-15 13:16:57,LIKE,https://www.linkedin.com/feed/update/urn%3Ali%3Aactivity%3A7227002868191367169
2024-07-29 18:24:44,LIKE,https://www.linkedin.com/feed/update/urn%3Ali%3Aactivity%3A7223411605487689728
2024-07-18 14:13:52,LIKE,https://www.linkedin.com/feed/update/urn%3Ali%3Aactivity%3A7217209686041731072
2024-06-09 13:25:57,EMPATHY,https://www.linkedin.com/feed/update/urn%3Ali%3Aactivity%3A7201275218235977729
2024-06-04 02:34:09,LIKE,https://www.linkedin.com/feed/update/urn%3Ali%3AugcPost%3A7203575269339611136
2024-05-31 13:24:49,LIKE,https://www.linkedin.com/feed/update/urn%3Ali%3Aactivity%3A7127687180138733568
2024-05-23 14:56:18,LIKE,https://www.linkedin.com/feed/update/urn%3Ali%3Aactivity%3A7196926853264146433
2024-05-10 14:23:00,LIKE,https://www.linkedin.com/feed/update/urn%3Ali%3Aactivity%3A7191774122039771138
2024-05-01 06:32:50,LIKE,https://www.linkedin.com/feed/update/urn%3Ali%3Aactivity%3A7189406493153075201
2024-05-01 06:32:01,LIKE,https://www.linkedin.com/feed/update/urn%3Ali%3AugcPost%3A7190727582835736576
2024-02-11 16:02:16,LIKE,https://www.linkedin.com/feed/update/urn%3Ali%3Aactivity%3A7159219626478850048
2023-12-23 13:26:34,LIKE,https://www.linkedin.com/feed/update/urn%3Ali%3Aactivity%3A7142531315899256832
2023-11-17 14:20:31,EMPATHY,https://www.linkedin.com/feed/update/urn%3Ali%3AugcPost%3A7126541450460180480
2023-11-08 04:53:31,PRAISE,https://www.linkedin.com/feed/update/urn%3Ali%3Aactivity%3A7127715039586721792
2023-09-21 14:57:15,LIKE,https://www.linkedin.com/feed/update/urn%3Ali%3Aactivity%3A7105322908364742656
2023-09-19 14:54:38,LIKE,https://www.linkedin.com/feed/update/urn%3Ali%3Aactivity%3A7107772632514588673
2023-09-13 15:16:08,LIKE,https://www.linkedin.com/feed/update/urn%3Ali%3Aactivity%3A7105571651324456960
2023-09-13 15:15:54,LIKE,https://www.linkedin.com/feed/update/urn%3Ali%3Aactivity%3A7104825981785255936
2023-09-13 15:15:36,LIKE,https://www.linkedin.com/feed/update/urn%3Ali%3AugcPost%3A7106669280116502528
2023-09-13 15:15:09,LIKE,https://www.linkedin.com/feed/update/urn%3Ali%3Aactivity%3A7107381923504664577
2023-09-13 15:14:59,LIKE,https://www.linkedin.com/feed/update/urn%3Ali%3Aactivity%3A7103095916940693505
2023-09-07 16:34:59,LIKE,https://www.linkedin.com/feed/update/urn%3Ali%3AugcPost%3A7105281313917542400
2023-09-06 17:01:58,LIKE,https://www.linkedin.com/feed/update/urn%3Ali%3Aactivity%3A7104841754536792064
2023-09-06 17:01:49,LIKE,https://www.linkedin.com/feed/update/urn%3Ali%3AugcPost%3A7100230614489985025
2023-09-06 16:59:54,LIKE,https://www.linkedin.com/feed/update/urn%3Ali%3Aactivity%3A7100541397010640898
2023-08-08 16:44:18,LIKE,https://www.linkedin.com/feed/update/urn%3Ali%3Aactivity%3A7092181791389712384
2023-06-01 08:52:45,LIKE,https://www.linkedin.com/feed/update/urn%3Ali%3Aactivity%3A7065012841203818496
2023-06-01 08:52:23,LIKE,https://www.linkedin.com/feed/update/urn%3Ali%3Aactivity%3A7069487203361411072
2023-03-10 12:48:52,LIKE,https://www.linkedin.com/feed/update/urn%3Ali%3Aactivity%3A7038598950576132096
2023-02-17 17:38:01,LIKE,https://www.linkedin.com/feed/update/urn%3Ali%3Aactivity%3A7031372750623502336
2023-02-06 15:22:26,LIKE,https://www.linkedin.com/feed/update/urn%3Ali%3Aactivity%3A7028378877185937408
2022-12-04 08:02:08,LIKE,https://www.linkedin.com/feed/update/urn%3Ali%3Aactivity%3A7003399418917888001
2022-09-13 14:59:54,LIKE,https://www.linkedin.com/feed/update/urn%3Ali%3Aactivity%3A6974022420017860608
2022-07-26 11:19:08,LIKE,https://www.linkedin.com/feed/update/urn%3Ali%3Aactivity%3A6956180193623347200
2022-07-16 14:40:43,LIKE,https://www.linkedin.com/feed/update/urn%3Ali%3AugcPost%3A6952454514960461824
2022-06-25 14:33:48,LIKE,https://www.linkedin.com/feed/update/urn%3Ali%3Aactivity%3A6945355059463405569
2022-06-03 12:26:31,LIKE,https://www.linkedin.com/feed/update/urn%3Ali%3Aactivity%3A6929600197945675776
2022-01-25 03:56:27,LIKE,https://www.linkedin.com/feed/update/urn%3Ali%3AugcPost%3A6890822950401249280
2021-10-19 17:11:44,LIKE,https://www.linkedin.com/feed/update/urn%3Ali%3Aactivity%3A6851860111879626752
2021-06-26 12:11:25,LIKE,https://www.linkedin.com/feed/update/urn%3Ali%3Aactivity%3A6813609040925536256
2021-06-17 10:42:41,LIKE,https://www.linkedin.com/feed/update/urn%3Ali%3Aactivity%3A6810266574751072257
2021-05-11 12:19:24,LIKE,https://www.linkedin.com/feed/update/urn%3Ali%3AugcPost%3A6797530061286330368
2021-05-11 12:18:52,LIKE,https://www.linkedin.com/feed/update/urn%3Ali%3Aactivity%3A6795290250563379200
2021-05-11 12:16:51,LIKE,https://www.linkedin.com/feed/update/urn%3Ali%3Aactivity%3A6797297259332612096
2021-05-11 12:15:30,LIKE,https://www.linkedin.com/feed/update/urn%3Ali%3Aactivity%3A6795414931102683136
2021-05-11 12:15:00,LIKE,https://www.linkedin.com/feed/update/urn%3Ali%3Aactivity%3A6795062716810739712
2021-04-26 11:51:23,LIKE,https://www.linkedin.com/feed/update/urn%3Ali%3Aactivity%3A6791015480871182336
2021-04-26 11:50:24,LIKE,https://www.linkedin.com/feed/update/urn%3Ali%3Aactivity%3A6790986972811857921
2021-04-22 14:43:41,LIKE,https://www.linkedin.com/feed/update/urn%3Ali%3Aactivity%3A6790995246760148992
2021-04-06 14:51:51,LIKE,https://www.linkedin.com/feed/update/urn%3Ali%3Aactivity%3A6782659660102160384
2021-03-22 02:49:40,LIKE,https://www.linkedin.com/feed/update/urn%3Ali%3Aactivity%3A6774864831435689984
2021-03-03 18:03:46,LIKE,https://www.linkedin.com/feed/update/urn%3Ali%3Aactivity%3A6772917741297905665
2021-03-02 13:56:58,LIKE,https://www.linkedin.com/feed/update/urn%3Ali%3Aactivity%3A6772162877353672705
2021-01-06 23:14:46,LIKE,https://www.linkedin.com/feed/update/urn%3Ali%3Aactivity%3A6751566051747606529
2020-10-09 11:14:58,LIKE,https://www.linkedin.com/feed/update/urn%3Ali%3Aactivity%3A6719417308089004032
2020-10-09 11:14:48,LIKE,https://www.linkedin.com/feed/update/urn%3Ali%3Aactivity%3A6717823034561986560
2020-09-26 14:50:25,LIKE,https://www.linkedin.com/feed/update/urn%3Ali%3Aactivity%3A6714598725982978048
2020-09-01 12:59:02,LIKE,https://www.linkedin.com/feed/update/urn%3Ali%3Aactivity%3A6705908088324669440
2020-07-15 13:26:27,LIKE,https://www.linkedin.com/feed/update/urn%3Ali%3Aactivity%3A6687075647631695872
2020-07-09 20:41:10,LIKE,https://www.linkedin.com/feed/update/urn%3Ali%3Aactivity%3A6686783542338338816
2020-07-09 20:39:22,LIKE,https://www.linkedin.com/feed/update/urn%3Ali%3Aactivity%3A6686754334828498944
2020-07-08 20:22:11,LIKE,https://www.linkedin.com/feed/update/urn%3Ali%3Aactivity%3A6686329357490896896
2020-07-06 18:19:40,LIKE,https://www.linkedin.com/feed/update/urn%3Ali%3Aactivity%3A6684565974764531713
2020-07-01 04:01:56,LIKE,https://www.linkedin.com/feed/update/urn%3Ali%3AugcPost%3A6681612523579416577
2020-06-30 03:32:46,LIKE,https://www.linkedin.com/feed/update/urn%3Ali%3Aactivity%3A6683455436387086336
2019-09-29 12:58:04,LIKE,https://www.linkedin.com/feed/update/urn%3Ali%3Aactivity%3A6580581729831047168
2019-09-29 12:57:49,LIKE,https://www.linkedin.com/feed/update/urn%3Ali%3Aactivity%3A6581958236444909568
2019-09-29 12:57:41,LIKE,https://www.linkedin.com/feed/update/urn%3Ali%3Aactivity%3A6582373910837248000
2019-07-25 19:35:03,LIKE,https://www.linkedin.com/feed/update/urn%3Ali%3Aactivity%3A6560221954719137792
2018-09-12 10:59:39,LIKE,https://www.linkedin.com/feed/update/urn%3Ali%3Aactivity%3A6443806034053070848
2018-09-12 10:58:16,LIKE,https://www.linkedin.com/feed/update/urn%3Ali%3Aactivity%3A6445391269668614144
2018-09-12 10:51:57,LIKE,https://www.linkedin.com/feed/update/urn%3Ali%3Aactivity%3A6445572118603198464
2018-09-12 10:51:18,LIKE,https://www.linkedin.com/feed/update/urn%3Ali%3Aactivity%3A6443805878645714945
2018-09-12 10:51:03,LIKE,https://www.linkedin.com/feed/update/urn%3Ali%3Aactivity%3A6445033670871957504
2018-09-12 10:50:41,LIKE,https://www.linkedin.com/feed/update/urn%3Ali%3Aactivity%3A6443808881528307712
2018-06-26 08:43:23,LIKE,https://www.linkedin.com/feed/update/urn%3Ali%3Aactivity%3A6417032144790528001
2018-06-26 08:40:30,LIKE,https://www.linkedin.com/feed/update/urn%3Ali%3AugcPost%3A6416291593124401152
2018-06-26 08:40:29,LIKE,https://www.linkedin.com/feed/update/urn%3Ali%3AugcPost%3A6416291593124401152?commentUrn=urn%3Ali%3Acomment%3A%28ugcPost%3A6416291593124401152%2C6416403885769924608%29
2018-06-26 08:39:49,LIKE,https://www.linkedin.com/feed/update/urn%3Ali%3Aactivity%3A6417005558536105984
2018-06-26 08:39:24,LIKE,https://www.linkedin.com/feed/update/urn%3Ali%3Aactivity%3A6416746217509842944
2018-06-26 08:38:32,LIKE,https://www.linkedin.com/feed/update/urn%3Ali%3AugcPost%3A6416663855648292864
2018-06-21 12:00:40,LIKE,https://www.linkedin.com/feed/update/urn%3Ali%3Aarticle%3A8838160647779471477
2018-06-06 16:14:08,LIKE,https://www.linkedin.com/feed/update/urn%3Ali%3AugcPost%3A6409836016210837504?commentUrn=urn%3Ali%3Acomment%3A%28ugcPost%3A6409836016210837504%2C6409985652573630464%29
2018-05-30 17:19:25,LIKE,https://www.linkedin.com/feed/update/urn%3Ali%3AugcPost%3A6407226895062097920
2018-05-21 11:12:58,LIKE,https://www.linkedin.com/feed/update/urn%3Ali%3Aactivity%3A6404190580640870400
2018-05-21 11:12:44,LIKE,https://www.linkedin.com/feed/update/urn%3Ali%3AugcPost%3A6402203800421048320
2018-05-21 11:11:45,LIKE,https://www.linkedin.com/feed/update/urn%3Ali%3Aactivity%3A6403733687808073728
2018-04-24 11:13:54,LIKE,https://www.linkedin.com/feed/update/urn%3Ali%3Aactivity%3A6393193919902990336
2018-02-14 05:23:30,LIKE,https://www.linkedin.com/feed/update/urn%3Ali%3Aactivity%3A6367926596933808128
2017-09-05 23:09:45,LIKE,https://www.linkedin.com/feed/update/urn%3Ali%3Aactivity%3A6310396339159072768
2016-10-08 17:13:32,LIKE,https://www.linkedin.com/feed/update/urn%3Ali%3Aactivity%3A6187968967697526784
2016-08-13 03:21:04,LIKE,https://www.linkedin.com/feed/update/urn%3Ali%3Aactivity%3A6169879169640517632
2016-07-20 22:36:39,LIKE,https://www.linkedin.com/feed/update/urn%3Ali%3Aactivity%3A6161573561476599808
2016-02-16 12:11:27,LIKE,https://www.linkedin.com/feed/update/urn%3Ali%3Aactivity%3A6104034067081154560
2015-12-20 00:52:13,LIKE,https://www.linkedin.com/feed/update/urn%3Ali%3Aactivity%3A6083715948425072640
2015-12-04 03:52:39,LIKE,https://www.linkedin.com/feed/update/urn%3Ali%3Aarticle%3A8600833657386697266
2015-11-04 02:16:48,LIKE,https://www.linkedin.com/feed/update/urn%3Ali%3Aarticle%3A8855377896588898881
2012-12-08 15:07:57,LIKE,https://www.linkedin.com/feed/update/urn%3Ali%3Aactivity%3A5682908656153157632
2012-09-04 17:02:33,LIKE,https://www.linkedin.com/feed/update/urn%3Ali%3AgroupPost%3A4167569-144985456
