Time,Search Query
2025/05/14 15:14:14 UTC,senior product manager
2025/05/14 15:19:24 UTC,senior product manager
2025/05/14 21:08:09 UTC,senior product manager
2025/05/14 21:21:22 UTC,senior product manager
2025/05/15 14:41:04 UTC,bloomberg live
2025/05/15 14:41:04 UTC,bloomberg live
2025/05/15 14:41:04 UTC,brandon cruz
2025/05/15 14:41:04 UTC,brian quinn
2025/05/15 14:41:04 UTC,brian reinthaler
2025/05/15 14:41:05 UTC,brian roberts
2025/05/15 14:41:05 UTC,brian rose
2025/05/15 14:41:05 UTC,rossana bria
2025/05/15 14:41:12 UTC,bria rose
2025/05/15 14:41:13 UTC,bria rose
2025/05/15 14:41:23 UTC,bria rose
2025/05/15 14:41:24 UTC,bria rose
2025/05/15 17:52:22 UTC,senior product manager
2025/05/15 17:58:52 UTC,senior product manager
2025/05/15 21:06:55 UTC,senior product manager
2025/05/15 21:11:02 UTC,senior product manager
2025/05/16 20:22:02 UTC,senior product manager
2025/05/16 20:27:32 UTC,senior product manager
2025/05/16 21:14:57 UTC,senior product manager
2025/05/16 21:29:27 UTC,senior product manager
2025/05/17 21:19:21 UTC,senior product manager
2025/05/17 21:26:37 UTC,senior product manager
2025/05/17 22:47:27 UTC,senior product manager
2025/05/17 22:53:54 UTC,senior product manager
2025/05/18 21:15:55 UTC,senior product manager
2025/05/18 21:28:26 UTC,senior product manager
2025/05/19 01:25:46 UTC,senior product manager
2025/05/19 01:33:52 UTC,senior product manager
2025/05/19 21:16:07 UTC,senior product manager
2025/05/19 21:22:50 UTC,senior product manager
2025/05/20 03:51:36 UTC,senior product manager
2025/05/20 04:02:53 UTC,senior product manager
2025/05/20 21:31:47 UTC,senior product manager
2025/05/20 21:35:28 UTC,senior product manager
2025/05/21 06:22:58 UTC,senior product manager
2025/05/21 06:37:55 UTC,senior product manager
2025/05/21 21:38:09 UTC,senior product manager
2025/05/21 21:56:21 UTC,senior product manager
2025/05/22 08:55:18 UTC,senior product manager
2025/05/22 09:11:56 UTC,senior product manager
2025/05/22 23:27:12 UTC,senior product manager
2025/05/23 01:29:56 UTC,senior product manager
2025/05/23 11:30:05 UTC,senior product manager
2025/05/23 11:47:53 UTC,senior product manager
2025/05/23 21:13:01 UTC,senior product manager
2025/05/23 21:21:06 UTC,senior product manager
2025/05/24 13:58:07 UTC,senior product manager
2025/05/24 14:17:43 UTC,senior product manager
2025/05/24 21:06:01 UTC,senior product manager
2025/05/24 21:21:24 UTC,senior product manager
2025/05/25 08:07:56 UTC,gabriella catena
2025/05/25 08:07:56 UTC,project management
2025/05/25 08:07:56 UTC,project management
2025/05/25 08:07:57 UTC,gabriel davalos
2025/05/25 08:07:57 UTC,gabriel herrmann
2025/05/25 08:07:57 UTC,gabriel posner
2025/05/25 08:08:01 UTC,gabriela
2025/05/25 08:08:02 UTC,gabriela
2025/05/25 08:08:16 UTC,gabriela
2025/05/25 08:08:17 UTC,gabriela
2025/05/25 08:08:44 UTC,gabriela
2025/05/25 08:08:44 UTC,gabriela
2025/05/25 08:10:17 UTC,gabriela
2025/05/25 08:10:39 UTC,gabriela
2025/05/25 08:11:03 UTC,gabriela
2025/05/25 08:11:12 UTC,gabriela
2025/05/25 08:11:22 UTC,gabriela
2025/05/25 08:11:49 UTC,gabriela the conference board
2025/05/25 08:11:49 UTC,gabriela the conference board
2025/05/25 08:12:13 UTC,gabriela the conference board
2025/05/25 08:30:25 UTC,gabriela from puerto rico
2025/05/25 08:30:25 UTC,gabriela from puerto rico
2025/05/25 08:30:59 UTC,gabriela from puerto rico
2025/05/25 16:29:56 UTC,senior product manager
2025/05/25 16:51:03 UTC,senior product manager
2025/05/25 21:17:13 UTC,senior product manager
2025/05/25 21:19:07 UTC,senior product manager
2025/05/26 19:00:20 UTC,senior product manager
2025/05/26 19:20:35 UTC,senior product manager
2025/05/26 21:07:04 UTC,senior product manager
2025/05/26 21:29:04 UTC,senior product manager
2025/05/26 21:29:24 UTC,senior product manager
2025/05/26 21:34:03 UTC,senior product manager
2025/05/27 16:26:43 UTC,Christian Lacey
2025/05/27 16:26:44 UTC,Christian Lacey
2025/05/27 16:27:26 UTC,francene lacey
2025/05/27 16:27:26 UTC,francene lacey
2025/05/27 16:49:34 UTC,continuous delivery
2025/05/27 16:49:34 UTC,continuous delivery
2025/05/27 16:49:35 UTC,cba real estate visualization success
2025/05/27 16:49:35 UTC,cba real estate visualization success
2025/05/27 16:49:38 UTC,chris dilorenzo
2025/05/27 16:49:38 UTC,christian brock
2025/05/27 16:49:38 UTC,christina bost seaton
2025/05/27 16:49:39 UTC,christian lacroix snc
2025/05/27 16:49:39 UTC,christine (krysia) lenzo
2025/05/27 16:49:40 UTC,christian lacey
2025/05/27 16:49:42 UTC,christian lacey
2025/05/27 16:49:43 UTC,christian lacey
2025/05/27 21:35:27 UTC,senior product manager
2025/05/27 21:40:46 UTC,senior product manager
2025/05/27 21:44:07 UTC,senior product manager
2025/05/27 22:05:42 UTC,senior product manager
2025/05/28 22:02:19 UTC,senior product manager
2025/05/29 00:08:38 UTC,senior product manager
2025/05/29 00:33:53 UTC,senior product manager
2025/05/29 05:04:41 UTC,senior product manager
2025/05/29 21:18:39 UTC,senior product manager
2025/05/29 21:24:12 UTC,senior product manager
2025/05/30 02:43:15 UTC,senior product manager
2025/05/30 03:06:19 UTC,senior product manager
2025/05/30 21:17:12 UTC,senior product manager
2025/05/30 21:31:16 UTC,senior product manager
2025/05/31 05:16:27 UTC,senior product manager
2025/05/31 05:38:46 UTC,senior product manager
2025/05/31 21:14:50 UTC,senior product manager
2025/05/31 21:20:36 UTC,senior product manager
2025/06/01 07:35:35 UTC,senior product manager
2025/06/01 07:59:58 UTC,senior product manager
2025/06/01 21:16:13 UTC,senior product manager
2025/06/01 21:25:49 UTC,senior product manager
2025/06/02 09:55:02 UTC,senior product manager
2025/06/02 10:19:00 UTC,senior product manager
2025/06/02 21:14:40 UTC,senior product manager
2025/06/02 21:31:46 UTC,senior product manager
2025/06/03 12:20:37 UTC,senior product manager
2025/06/03 12:43:44 UTC,senior product manager
2025/06/03 22:49:04 UTC,senior product manager
2025/06/04 03:12:32 UTC,senior product manager
2025/06/04 14:49:59 UTC,senior product manager
2025/06/04 15:14:03 UTC,senior product manager
2025/06/04 21:36:58 UTC,senior product manager
2025/06/04 21:41:01 UTC,senior product manager
2025/06/05 17:47:30 UTC,senior product manager
2025/06/05 18:13:26 UTC,senior product manager
2025/06/05 21:39:50 UTC,senior product manager
2025/06/05 21:48:42 UTC,senior product manager
2025/06/06 20:29:58 UTC,senior product manager
2025/06/06 20:56:38 UTC,senior product manager
2025/06/06 21:32:59 UTC,senior product manager
2025/06/06 21:45:46 UTC,senior product manager
2025/06/07 21:28:40 UTC,senior product manager
2025/06/07 21:30:08 UTC,senior product manager
2025/06/07 22:55:44 UTC,senior product manager
2025/06/07 23:19:47 UTC,senior product manager
2025/06/08 21:11:05 UTC,senior product manager
2025/06/08 21:23:47 UTC,senior product manager
2025/06/09 01:19:35 UTC,senior product manager
2025/06/09 01:43:54 UTC,senior product manager
2025/06/09 21:14:01 UTC,senior product manager
2025/06/09 21:28:47 UTC,senior product manager
2025/06/10 03:47:53 UTC,senior product manager
2025/06/10 04:10:13 UTC,senior product manager
2025/06/10 21:16:30 UTC,senior product manager
2025/06/10 21:38:26 UTC,senior product manager
2025/06/11 06:46:29 UTC,senior product manager
2025/06/11 07:09:27 UTC,senior product manager
2025/06/11 21:15:18 UTC,senior product manager
2025/06/11 21:25:54 UTC,senior product manager
2025/06/12 09:40:11 UTC,senior product manager
2025/06/12 10:02:49 UTC,senior product manager
2025/06/12 21:13:22 UTC,senior product manager
2025/06/12 21:16:17 UTC,senior product manager
2025/06/13 12:14:53 UTC,senior product manager
2025/06/13 12:46:46 UTC,senior product manager
2025/06/13 21:18:58 UTC,senior product manager
2025/06/13 21:25:40 UTC,senior product manager
2025/06/14 16:10:17 UTC,senior product manager
2025/06/14 16:32:07 UTC,senior product manager
2025/06/14 21:17:06 UTC,senior product manager
2025/06/14 21:22:21 UTC,senior product manager
2025/06/15 14:47:49 UTC,arek flinik
2025/06/15 14:47:49 UTC,armando g. ramirez
2025/06/15 14:47:49 UTC,army
2025/06/15 14:47:49 UTC,army access technology
2025/06/15 14:47:49 UTC,army access technology
2025/06/15 14:47:49 UTC,armys
2025/06/15 14:47:49 UTC,armys
2025/06/15 14:47:49 UTC,cross-functional team leadership
2025/06/15 14:47:49 UTC,cross-functional team leadership
2025/06/15 14:47:50 UTC,armys
2025/06/15 14:48:29 UTC,celina guerrero
2025/06/15 14:48:29 UTC,continuous delivery
2025/06/15 14:48:29 UTC,continuous delivery
2025/06/15 14:48:30 UTC,cesar razuri
2025/06/15 14:48:30 UTC,césar lópez caparros
2025/06/15 14:48:31 UTC,cesar school
2025/06/15 14:48:31 UTC,cesar school
2025/06/15 14:48:31 UTC,cesar sig
2025/06/15 14:48:31 UTC,cesar silva
2025/06/15 14:48:32 UTC,cesar sieg
2025/06/15 14:48:32 UTC,cesar sieg
2025/06/15 14:48:37 UTC,cesar sieg
2025/06/15 14:48:37 UTC,cesar sieg
2025/06/15 18:28:35 UTC,senior product manager
2025/06/15 18:50:07 UTC,senior product manager
2025/06/15 21:21:35 UTC,senior product manager
2025/06/15 21:27:09 UTC,senior product manager
2025/06/16 20:49:20 UTC,senior product manager
2025/06/16 21:11:21 UTC,senior product manager
2025/06/16 21:24:21 UTC,senior product manager
2025/06/16 22:42:58 UTC,senior product manager
2025/06/17 11:31:59 UTC,armys
2025/06/17 11:31:59 UTC,armys
2025/06/17 11:32:00 UTC,anna bosco
2025/06/17 11:32:01 UTC,anna bosco
2025/06/17 11:32:05 UTC,anna bosco
2025/06/17 11:32:05 UTC,anna bosco
2025/06/17 21:14:43 UTC,senior product manager
2025/06/17 21:23:09 UTC,senior product manager
2025/06/17 23:08:41 UTC,senior product manager
2025/06/17 23:29:57 UTC,senior product manager
2025/06/18 21:35:07 UTC,senior product manager
2025/06/18 21:37:51 UTC,senior product manager
2025/06/19 01:34:08 UTC,senior product manager
2025/06/19 01:53:56 UTC,senior product manager
2025/06/19 07:29:03 UTC,senior product manager
2025/06/19 19:42:04 UTC,scott selinger
2025/06/19 19:42:04 UTC,the social media marketing group
2025/06/19 19:42:05 UTC,the social media marketing group
2025/06/19 19:42:24 UTC,scott binger
2025/06/19 22:33:41 UTC,senior product manager
2025/06/19 22:37:06 UTC,senior product manager
2025/06/20 01:25:59 UTC,scott binger
2025/06/20 03:53:11 UTC,senior product manager
2025/06/20 04:14:32 UTC,senior product manager
2025/06/20 19:11:25 UTC,senior product manager
2025/06/21 01:07:07 UTC,senior product manager
2025/06/21 06:30:15 UTC,senior product manager
2025/06/21 06:49:19 UTC,senior product manager
2025/06/21 10:27:26 UTC,senior product manager
2025/06/21 17:33:34 UTC,senior product manager
2025/06/22 05:25:09 UTC,senior product manager
2025/06/22 09:07:22 UTC,senior product manager
2025/06/22 09:29:50 UTC,senior product manager
2025/06/22 17:35:53 UTC,senior product manager
2025/06/22 22:22:22 UTC,senior product manager
2025/06/22 22:39:38 UTC,senior product manager
2025/06/23 05:31:03 UTC,senior product manager
2025/06/23 11:24:38 UTC,senior product manager
2025/06/23 11:48:56 UTC,senior product manager
2025/06/23 17:14:15 UTC,senior product manager
2025/06/23 22:30:53 UTC,senior product manager
2025/06/24 13:54:22 UTC,senior product manager
2025/06/24 14:17:35 UTC,senior product manager
2025/06/24 17:46:47 UTC,senior product manager
2025/06/24 22:40:13 UTC,senior product manager
2025/06/25 16:23:18 UTC,senior product manager
2025/06/25 16:45:11 UTC,senior product manager
2025/06/25 17:24:17 UTC,senior product manager
2025/06/25 22:38:07 UTC,senior product manager
2025/06/26 17:57:39 UTC,senior product manager
2025/06/26 18:47:22 UTC,senior product manager
2025/06/26 19:12:56 UTC,senior product manager
2025/06/26 22:07:01 UTC,senior product manager
2025/06/27 20:05:10 UTC,senior product manager
2025/06/27 21:14:04 UTC,senior product manager
2025/06/27 21:35:39 UTC,senior product manager
2025/06/27 22:38:23 UTC,senior product manager
2025/06/28 17:31:16 UTC,senior product manager
2025/06/28 22:42:30 UTC,senior product manager
2025/06/28 23:36:20 UTC,senior product manager
2025/06/28 23:58:42 UTC,senior product manager
2025/06/29 18:00:23 UTC,senior product manager
2025/06/29 22:24:16 UTC,senior product manager
2025/06/30 01:56:18 UTC,senior product manager
2025/06/30 02:17:37 UTC,senior product manager
2025/06/30 17:49:50 UTC,senior product manager
2025/06/30 22:33:59 UTC,senior product manager
2025/07/01 04:45:16 UTC,senior product manager
2025/07/01 05:10:12 UTC,senior product manager
2025/07/01 17:16:56 UTC,senior product manager
2025/07/01 22:33:04 UTC,senior product manager
2025/07/02 07:11:00 UTC,senior product manager
2025/07/02 07:35:33 UTC,senior product manager
2025/07/02 17:52:52 UTC,senior product manager
2025/07/02 22:19:46 UTC,senior product manager
2025/07/03 09:37:45 UTC,senior product manager
2025/07/03 10:03:38 UTC,senior product manager
2025/07/03 17:09:34 UTC,senior product manager
2025/07/03 22:21:41 UTC,senior product manager
2025/07/04 12:02:52 UTC,senior product manager
2025/07/04 12:30:52 UTC,senior product manager
2025/07/04 17:22:56 UTC,senior product manager
2025/07/04 22:21:52 UTC,senior product manager
2025/07/05 14:28:21 UTC,senior product manager
2025/07/05 14:57:28 UTC,senior product manager
2025/07/05 17:28:56 UTC,senior product manager
2025/07/05 22:34:44 UTC,senior product manager
2025/07/06 16:57:45 UTC,senior product manager
2025/07/06 17:26:49 UTC,senior product manager
2025/07/06 17:36:23 UTC,senior product manager
2025/07/06 22:28:45 UTC,senior product manager
2025/07/07 17:24:01 UTC,senior product manager
2025/07/07 19:39:51 UTC,senior product manager
2025/07/07 20:10:41 UTC,senior product manager
2025/07/07 22:11:35 UTC,senior product manager
2025/07/08 17:59:50 UTC,senior product manager
2025/07/08 22:06:11 UTC,senior product manager
2025/07/08 22:37:44 UTC,senior product manager
2025/07/09 07:09:39 UTC,senior product manager
2025/07/09 22:15:08 UTC,senior product manager
2025/07/09 23:31:04 UTC,senior product manager
2025/07/10 00:40:16 UTC,senior product manager
2025/07/10 01:09:30 UTC,senior product manager
2025/07/10 07:37:12 UTC,senior product manager
2025/07/11 03:08:53 UTC,senior product manager
2025/07/11 03:40:09 UTC,senior product manager
2025/07/11 07:49:13 UTC,senior product manager
2025/07/11 08:18:45 UTC,scott binger
2025/07/11 08:18:45 UTC,sop groups
2025/07/11 08:18:46 UTC,sop groups
2025/07/11 08:18:46 UTC,sophia amoruso
2025/07/11 08:18:47 UTC,sophia norella
2025/07/11 08:18:47 UTC,sophie nygaard jensen
2025/07/11 08:18:49 UTC,sophia james
2025/07/11 08:18:51 UTC,sophia nyc ucsb
2025/07/11 08:18:52 UTC,sophia nyc ucsb
2025/07/11 08:19:05 UTC,sophia nyc ucsb
2025/07/11 08:19:05 UTC,sophia nyc ucsb
2025/07/11 17:11:24 UTC,senior product manager
2025/07/12 05:06:36 UTC,senior product manager
2025/07/12 05:42:22 UTC,senior product manager
2025/07/12 06:12:35 UTC,senior product manager
2025/07/12 06:42:50 UTC,senior product manager
2025/07/12 13:08:00 UTC,senior product manager
2025/07/12 15:02:26 UTC,senior product manager
2025/07/13 05:18:45 UTC,senior product manager
2025/07/13 08:17:52 UTC,senior product manager
2025/07/13 08:45:15 UTC,senior product manager
2025/07/13 17:28:23 UTC,senior product manager
2025/07/13 22:20:18 UTC,senior product manager
2025/07/14 10:47:45 UTC,senior product manager
2025/07/14 11:17:27 UTC,senior product manager
2025/07/14 17:27:44 UTC,senior product manager
2025/07/14 20:32:00 UTC,phil renton
2025/07/14 20:32:00 UTC,philip renton
2025/07/14 20:32:01 UTC,phil renton
2025/07/14 22:17:32 UTC,senior product manager
2025/07/15 13:24:06 UTC,senior product manager
2025/07/15 13:54:25 UTC,senior product manager
2025/07/15 17:15:11 UTC,senior product manager
2025/07/15 22:16:13 UTC,senior product manager
2025/07/16 15:56:35 UTC,senior product manager
2025/07/16 16:26:50 UTC,senior product manager
2025/07/16 18:00:45 UTC,senior product manager
2025/07/16 22:21:29 UTC,senior product manager
2025/07/17 17:40:23 UTC,senior product manager
2025/07/17 18:30:35 UTC,senior product manager
2025/07/17 19:02:02 UTC,senior product manager
2025/07/17 22:36:16 UTC,senior product manager
2025/07/18 17:58:03 UTC,senior product manager
2025/07/18 21:07:47 UTC,senior product manager
2025/07/18 21:39:04 UTC,senior product manager
2025/07/18 22:18:27 UTC,senior product manager
2025/07/19 17:52:31 UTC,senior product manager
2025/07/19 22:29:21 UTC,senior product manager
2025/07/19 23:55:40 UTC,senior product manager
2025/07/20 00:28:33 UTC,senior product manager
2025/07/20 17:20:03 UTC,senior product manager
2025/07/20 22:40:54 UTC,senior product manager
2025/07/21 02:34:29 UTC,senior product manager
2025/07/21 03:03:41 UTC,senior product manager
2025/07/21 17:47:09 UTC,senior product manager
2025/07/21 22:10:27 UTC,senior product manager
2025/07/22 05:43:25 UTC,senior product manager
2025/07/22 06:10:54 UTC,senior product manager
2025/07/22 19:49:42 UTC,senior product manager
2025/07/22 22:31:08 UTC,senior product manager
2025/07/23 10:29:01 UTC,senior product manager
2025/07/23 10:56:26 UTC,senior product manager
2025/07/23 17:53:21 UTC,senior product manager
2025/07/23 22:18:34 UTC,senior product manager
2025/07/24 13:04:30 UTC,senior product manager
2025/07/24 13:33:28 UTC,senior product manager
2025/07/24 17:53:28 UTC,senior product manager
2025/07/25 05:14:57 UTC,senior product manager
2025/07/25 15:55:51 UTC,senior product manager
2025/07/25 16:34:54 UTC,senior product manager
2025/07/25 17:26:26 UTC,senior product manager
2025/07/26 05:15:12 UTC,senior product manager
2025/07/26 17:29:48 UTC,senior product manager
2025/07/26 18:37:26 UTC,senior product manager
2025/07/26 19:06:11 UTC,senior product manager
2025/07/27 05:20:47 UTC,senior product manager
2025/07/27 17:42:39 UTC,senior product manager
2025/07/27 21:17:12 UTC,senior product manager
2025/07/27 21:45:38 UTC,senior product manager
2025/07/28 05:16:20 UTC,senior product manager
2025/07/28 18:23:32 UTC,senior product manager
2025/07/29 00:20:18 UTC,senior product manager
2025/07/29 00:47:26 UTC,senior product manager
2025/07/29 05:16:09 UTC,senior product manager
2025/07/29 17:39:02 UTC,senior product manager
2025/07/30 03:22:32 UTC,senior product manager
2025/07/30 03:48:08 UTC,senior product manager
2025/07/30 05:13:48 UTC,senior product manager
2025/07/30 17:18:25 UTC,senior product manager
2025/07/31 04:29:58 UTC,rachel rosenbloom immigration insights
2025/07/31 05:18:00 UTC,senior product manager
2025/07/31 05:54:58 UTC,senior product manager
2025/07/31 06:18:27 UTC,senior product manager
2025/07/31 17:44:34 UTC,senior product manager
2025/08/01 05:14:52 UTC,senior product manager
2025/08/01 08:39:28 UTC,senior product manager
2025/08/01 09:02:38 UTC,senior product manager
2025/08/01 17:50:20 UTC,senior product manager
2025/08/02 05:21:56 UTC,senior product manager
2025/08/02 11:06:18 UTC,senior product manager
2025/08/02 11:29:08 UTC,senior product manager
2025/08/02 13:42:39 UTC,figma ipo debut
2025/08/02 13:42:39 UTC,figma ipo debut
2025/08/02 13:42:42 UTC,anna bosco
2025/08/02 17:34:25 UTC,senior product manager
2025/08/03 05:16:37 UTC,senior product manager
2025/08/03 13:40:00 UTC,senior product manager
2025/08/03 14:02:22 UTC,senior product manager
2025/08/03 17:46:34 UTC,senior product manager
2025/08/04 05:27:21 UTC,senior product manager
2025/08/04 16:13:14 UTC,senior product manager
2025/08/04 16:34:24 UTC,senior product manager
2025/08/04 17:45:51 UTC,senior product manager
2025/08/05 05:19:20 UTC,senior product manager
2025/08/05 17:48:16 UTC,senior product manager
2025/08/05 18:47:36 UTC,senior product manager
2025/08/05 19:10:29 UTC,senior product manager
2025/08/06 05:26:51 UTC,senior product manager
2025/08/06 17:28:41 UTC,senior product manager
2025/08/06 21:44:04 UTC,senior product manager
2025/08/06 22:07:04 UTC,senior product manager
2025/08/07 05:13:46 UTC,senior product manager
2025/08/07 05:29:53 UTC,senior product manager
2025/08/07 21:33:55 UTC,senior product manager
2025/08/08 01:49:03 UTC,senior product manager
2025/08/08 02:10:49 UTC,senior product manager
2025/08/08 05:35:58 UTC,senior product manager
2025/08/08 09:49:28 UTC,senior product manager
2025/08/08 18:01:34 UTC,senior product manager
2025/08/08 18:57:47 UTC,continuous delivery
2025/08/08 18:57:47 UTC,continuous delivery
2025/08/08 18:57:47 UTC,dashboard groups
2025/08/08 18:57:48 UTC,dashbid
2025/08/08 18:57:48 UTC,dashboard groups
2025/08/08 18:57:48 UTC,dashbud
2025/08/08 18:57:48 UTC,dashbud
2025/08/08 18:57:49 UTC,dashbud
2025/08/08 18:58:07 UTC,dashbud
2025/08/08 18:58:08 UTC,dashbud
2025/08/08 18:58:14 UTC,dashbud
2025/08/08 18:58:14 UTC,dashbud
2025/08/09 04:18:16 UTC,senior product manager
2025/08/09 04:39:16 UTC,senior product manager
2025/08/09 05:08:26 UTC,senior product manager
2025/08/09 17:47:50 UTC,senior product manager
2025/08/10 05:19:18 UTC,senior product manager
2025/08/10 07:02:40 UTC,senior product manager
2025/08/10 07:24:14 UTC,senior product manager
2025/08/10 17:51:37 UTC,senior product manager
2025/08/11 05:15:39 UTC,senior product manager
2025/08/11 09:42:23 UTC,senior product manager
2025/08/11 10:05:07 UTC,senior product manager
2025/08/11 17:38:36 UTC,senior product manager
2025/08/12 05:23:44 UTC,senior product manager
2025/08/12 12:26:59 UTC,senior product manager
2025/08/12 12:48:11 UTC,senior product manager
2025/08/12 17:49:06 UTC,senior product manager
2025/08/13 06:37:24 UTC,senior product manager
2025/08/13 15:19:31 UTC,senior product manager
2025/08/13 15:43:26 UTC,senior product manager
2025/08/14 04:58:14 UTC,senior product manager
2025/08/14 05:19:45 UTC,senior product manager
2025/08/14 13:02:01 UTC,senior product manager
2025/08/14 18:38:05 UTC,senior product manager
2025/08/14 18:58:20 UTC,senior product manager
2025/08/14 22:38:47 UTC,senior product manager
2025/08/15 05:39:23 UTC,senior product manager
2025/08/15 14:09:39 UTC,Milan Duka
2025/08/15 14:09:39 UTC,Milan Duka
2025/08/15 21:22:43 UTC,senior product manager
2025/08/15 21:44:26 UTC,senior product manager
2025/08/16 00:01:59 UTC,senior product manager
2025/08/16 04:25:26 UTC,senior product manager
2025/08/16 10:37:47 UTC,senior product manager
2025/08/16 22:18:58 UTC,senior product manager
2025/08/16 23:57:18 UTC,senior product manager
2025/08/17 00:19:30 UTC,senior product manager
2025/08/17 05:07:14 UTC,senior product manager
2025/08/17 17:36:59 UTC,senior product manager
2025/08/18 02:34:42 UTC,senior product manager
2025/08/18 02:57:36 UTC,senior product manager
2025/08/18 05:17:44 UTC,senior product manager
2025/08/18 12:49:06 UTC,dashbid
2025/08/18 12:49:06 UTC,dashbud
2025/08/18 12:49:06 UTC,dashbud
2025/08/18 12:49:06 UTC,dashbud
2025/08/18 12:49:06 UTC,dashbud
2025/08/18 12:49:07 UTC,dashbud
2025/08/18 12:49:09 UTC,dashbid
2025/08/18 12:49:10 UTC,dashbid
2025/08/18 12:49:10 UTC,dashbid
2025/08/18 12:49:20 UTC,dashbud
2025/08/18 12:49:31 UTC,dashbud
2025/08/18 12:49:31 UTC,dashbud
2025/08/18 12:49:34 UTC,dashbud
2025/08/18 12:49:35 UTC,dashbud
2025/08/18 14:11:37 UTC,project management
2025/08/18 14:11:38 UTC,malvertising protection tips
2025/08/18 14:11:38 UTC,malvertising protection tips
2025/08/18 14:11:38 UTC,malvina
2025/08/18 14:11:38 UTC,malvina
2025/08/18 14:11:38 UTC,mavi
2025/08/18 14:11:38 UTC,mavi
2025/08/18 14:11:38 UTC,project management
2025/08/18 14:11:39 UTC,malvina
2025/08/18 14:11:52 UTC,malvina
2025/08/18 14:11:53 UTC,malvina
2025/08/18 14:12:08 UTC,malvina branding
2025/08/18 14:12:09 UTC,malvina branding
2025/08/18 14:12:26 UTC,malvina
2025/08/18 14:12:59 UTC,malvina baker
2025/08/18 14:13:00 UTC,malvina baker
2025/08/18 17:29:53 UTC,senior product manager
2025/08/19 05:21:59 UTC,senior product manager
2025/08/19 05:44:59 UTC,senior product manager
2025/08/19 05:54:33 UTC,senior product manager
2025/08/19 17:52:29 UTC,senior product manager
2025/08/20 05:25:01 UTC,senior product manager
2025/08/20 07:55:54 UTC,senior product manager
2025/08/20 08:20:16 UTC,senior product manager
2025/08/20 17:51:21 UTC,senior product manager
2025/08/21 05:26:15 UTC,senior product manager
2025/08/21 10:32:53 UTC,senior product manager
2025/08/21 10:55:07 UTC,senior product manager
2025/08/21 17:37:58 UTC,senior product manager
2025/08/22 05:08:28 UTC,senior product manager
2025/08/22 13:07:25 UTC,senior product manager
2025/08/22 13:32:10 UTC,senior product manager
2025/08/22 17:44:06 UTC,senior product manager
2025/08/23 05:26:23 UTC,senior product manager
2025/08/23 15:40:12 UTC,senior product manager
2025/08/23 16:03:50 UTC,senior product manager
2025/08/23 18:04:28 UTC,senior product manager
2025/08/24 05:06:29 UTC,senior product manager
2025/08/24 14:21:52 UTC,ben putano
2025/08/24 14:21:54 UTC,ben putano
2025/08/24 14:23:25 UTC,ben putano
2025/08/24 14:24:05 UTC,ben putano
2025/08/24 17:19:15 UTC,senior product manager
2025/08/24 18:17:00 UTC,senior product manager
2025/08/24 18:38:14 UTC,senior product manager
2025/08/25 05:17:32 UTC,senior product manager
2025/08/25 17:39:28 UTC,senior product manager
2025/08/25 20:53:33 UTC,senior product manager
2025/08/25 21:13:08 UTC,senior product manager
2025/08/26 06:53:33 UTC,senior product manager
2025/08/26 17:14:02 UTC,senior product manager
2025/08/26 23:25:12 UTC,senior product manager
2025/08/26 23:45:41 UTC,senior product manager
2025/08/27 05:22:09 UTC,senior product manager
2025/08/27 05:47:32 UTC,senior product manager
2025/08/27 20:31:22 UTC,senior product manager
2025/08/28 02:28:14 UTC,senior product manager
2025/08/28 02:49:19 UTC,senior product manager
2025/08/28 05:16:11 UTC,senior product manager
2025/08/28 17:51:02 UTC,senior product manager
2025/08/29 05:16:25 UTC,senior product manager
2025/08/29 05:36:33 UTC,senior product manager
2025/08/29 09:21:17 UTC,senior product manager
2025/08/29 17:17:07 UTC,senior product manager
2025/08/30 05:21:22 UTC,senior product manager
2025/08/30 05:21:22 UTC,senior product manager
2025/08/30 07:51:44 UTC,senior product manager
2025/08/30 08:12:52 UTC,senior product manager
2025/08/30 17:13:58 UTC,senior product manager
2025/08/31 05:19:17 UTC,senior product manager
2025/08/31 05:19:17 UTC,senior product manager
2025/08/31 10:39:48 UTC,senior product manager
2025/08/31 11:01:21 UTC,senior product manager
2025/08/31 17:43:53 UTC,senior product manager
2025/09/01 02:57:40 UTC,Parodi Michael
2025/09/01 02:57:41 UTC,Parodi Michael
2025/09/01 02:57:44 UTC,Parodi Michael
2025/09/01 02:57:45 UTC,Parodi Michael
2025/09/01 02:57:45 UTC,Parodi Michael
2025/09/01 05:23:01 UTC,senior product manager
2025/09/01 13:33:09 UTC,senior product manager
2025/09/01 13:56:33 UTC,senior product manager
2025/09/01 17:31:17 UTC,senior product manager
2025/09/02 05:21:26 UTC,senior product manager
2025/09/02 09:03:40 UTC,senior product manager
2025/09/02 16:12:47 UTC,senior product manager
2025/09/02 16:37:07 UTC,senior product manager
2025/09/02 17:41:58 UTC,senior product manager
2025/09/03 05:30:57 UTC,senior product manager
2025/09/03 05:52:55 UTC,senior product manager
2025/09/03 18:02:14 UTC,senior product manager
2025/09/03 18:50:29 UTC,senior product manager
2025/09/03 19:15:46 UTC,senior product manager
2025/09/04 05:13:14 UTC,senior product manager On-site or Hybrid
2025/09/04 17:58:28 UTC,senior product manager On-site or Hybrid
2025/09/04 21:50:57 UTC,senior product manager
2025/09/04 22:16:41 UTC,senior product manager
2025/09/05 05:27:56 UTC,senior product manager On-site or Hybrid
2025/09/05 17:32:18 UTC,senior product manager On-site or Hybrid
2025/09/06 00:30:06 UTC,senior product manager
2025/09/06 00:57:30 UTC,senior product manager
2025/09/06 05:07:26 UTC,senior product manager On-site or Hybrid
2025/09/06 17:58:54 UTC,senior product manager On-site or Hybrid
2025/09/07 03:08:24 UTC,senior product manager
2025/09/07 03:34:14 UTC,senior product manager
2025/09/07 05:11:49 UTC,senior product manager On-site or Hybrid
2025/09/07 13:32:20 UTC,Cornell neurology
2025/09/07 13:32:20 UTC,Cornell neurology
2025/09/07 13:32:25 UTC,Cornell neurology
2025/09/07 13:32:25 UTC,Cornell neurology
2025/09/07 13:32:28 UTC,Cornell neurology
2025/09/07 13:32:28 UTC,Cornell neurology
2025/09/07 13:32:28 UTC,Cornell neurology
2025/09/07 13:32:28 UTC,Cornell neurology
2025/09/07 13:32:29 UTC,Cornell neurology
2025/09/07 13:32:31 UTC,Cornell neurology
2025/09/07 13:32:31 UTC,Cornell neurology
2025/09/07 13:32:32 UTC,Cornell neurology
2025/09/07 13:32:32 UTC,Cornell neurology
2025/09/07 13:32:47 UTC,Cornell neurology
2025/09/07 13:32:49 UTC,Cornell neurology
2025/09/07 13:32:52 UTC,Cornell neurology
2025/09/07 13:32:56 UTC,Cornell neurology
2025/09/07 13:32:59 UTC,Cornell neurology
2025/09/07 13:33:03 UTC,Cornell neurology
2025/09/07 13:33:06 UTC,Cornell neurology
2025/09/07 13:33:09 UTC,Cornell neurology
2025/09/07 13:33:12 UTC,Cornell neurology
2025/09/07 13:33:15 UTC,Cornell neurology
2025/09/07 13:33:28 UTC,Cornell neurology research
2025/09/07 13:33:28 UTC,Cornell neurology research
2025/09/07 13:33:31 UTC,Cornell neurology research
2025/09/07 13:33:31 UTC,Cornell neurology research
2025/09/07 13:33:34 UTC,Cornell neurology research
2025/09/07 13:33:34 UTC,Cornell neurology research
2025/09/07 13:33:35 UTC,Cornell neurology research
2025/09/07 13:33:35 UTC,Cornell neurology research
2025/09/07 13:33:36 UTC,Cornell neurology research
2025/09/07 13:33:36 UTC,Cornell neurology research
2025/09/07 13:33:38 UTC,Cornell neurology research
2025/09/07 13:33:38 UTC,Cornell neurology research
2025/09/07 13:33:39 UTC,Cornell neurology research
2025/09/07 13:33:47 UTC,Cornell neurology research
2025/09/07 13:33:49 UTC,Cornell neurology research
2025/09/07 13:33:51 UTC,Cornell neurology research
2025/09/07 13:33:54 UTC,Cornell neurology research
2025/09/07 13:33:57 UTC,Cornell neurology research
2025/09/07 13:34:00 UTC,Cornell neurology research
2025/09/07 13:34:03 UTC,Cornell neurology research
2025/09/07 13:34:08 UTC,Cornell neurology research
2025/09/07 13:34:10 UTC,Cornell neurology research
2025/09/07 13:34:13 UTC,Cornell neurology research
2025/09/07 13:34:16 UTC,Cornell neurology research
2025/09/07 13:34:19 UTC,Cornell neurology research
2025/09/07 13:34:25 UTC,Cornell neurology research
2025/09/07 13:34:31 UTC,Cornell neurology research
2025/09/07 13:34:33 UTC,Cornell neurology research
2025/09/07 13:34:36 UTC,Cornell neurology research
2025/09/07 13:34:39 UTC,Cornell neurology research
2025/09/07 13:34:43 UTC,Cornell neurology research
2025/09/07 13:34:45 UTC,Cornell neurology research
2025/09/07 13:34:47 UTC,Cornell neurology research
2025/09/07 13:34:50 UTC,Cornell neurology research
2025/09/07 13:34:56 UTC,Cornell neurology research
2025/09/07 13:35:01 UTC,Cornell neurology research
2025/09/07 13:35:05 UTC,Cornell neurology research
2025/09/07 13:35:07 UTC,Cornell neurology research
2025/09/07 13:35:10 UTC,Cornell neurology research
2025/09/07 13:35:15 UTC,Cornell neurology research
2025/09/07 13:35:32 UTC,Cornell neurology research Boston iran
2025/09/07 13:35:32 UTC,Cornell neurology research Boston iran
2025/09/07 13:35:36 UTC,Cornell neurology research Boston iran
2025/09/07 13:35:38 UTC,Cornell neurology research Boston iran
2025/09/07 13:35:38 UTC,Cornell neurology research Boston iran
2025/09/07 13:35:38 UTC,Cornell neurology research Boston iran
2025/09/07 13:35:38 UTC,Cornell neurology research Boston iran
2025/09/07 13:35:41 UTC,Cornell neurology research Boston iran
2025/09/07 13:35:42 UTC,Cornell neurology research Boston iran
2025/09/07 13:35:42 UTC,Cornell neurology research Boston iran
2025/09/07 13:35:42 UTC,Cornell neurology research Boston iran
2025/09/07 13:35:43 UTC,Cornell neurology research Boston iran
2025/09/07 13:35:53 UTC,Cornell neurology research Boston iran
2025/09/07 13:35:56 UTC,Cornell neurology research Boston iran
2025/09/07 13:35:59 UTC,Cornell neurology research Boston iran
2025/09/07 13:36:02 UTC,Cornell neurology research Boston iran
2025/09/07 13:36:04 UTC,Cornell neurology research Boston iran
2025/09/07 13:36:06 UTC,Cornell neurology research Boston iran
2025/09/07 13:36:10 UTC,Cornell neurology research Boston iran
2025/09/07 13:36:12 UTC,Cornell neurology research Boston iran
2025/09/07 13:36:16 UTC,Cornell neurology research Boston iran
2025/09/07 13:36:18 UTC,Cornell neurology research Boston iran
2025/09/07 13:36:20 UTC,Cornell neurology research Boston iran
2025/09/07 13:36:23 UTC,Cornell neurology research Boston iran
2025/09/07 13:36:25 UTC,Cornell neurology research Boston iran
2025/09/07 13:36:27 UTC,Cornell neurology research Boston iran
2025/09/07 13:36:30 UTC,Cornell neurology research Boston iran
2025/09/07 13:36:33 UTC,Cornell neurology research Boston iran
2025/09/07 13:36:37 UTC,Cornell neurology research Boston iran
2025/09/07 13:36:40 UTC,Cornell neurology research Boston iran
2025/09/07 13:36:44 UTC,Cornell neurology research Boston iran
2025/09/07 13:36:46 UTC,Cornell neurology research Boston iran
2025/09/07 13:36:50 UTC,Cornell neurology research Boston iran
2025/09/07 13:36:54 UTC,Cornell neurology research Boston iran
2025/09/07 13:36:56 UTC,Cornell neurology research Boston iran
2025/09/07 13:36:58 UTC,Cornell neurology research Boston iran
2025/09/07 13:37:03 UTC,Cornell neurology research Boston iran
2025/09/07 13:37:06 UTC,Cornell neurology research Boston iran
2025/09/07 13:37:11 UTC,Cornell neurology research Boston iran
2025/09/07 13:37:17 UTC,Cornell neurology research Boston
2025/09/07 13:37:17 UTC,Cornell neurology research Boston
2025/09/07 13:37:23 UTC,Cornell neurology research Boston
2025/09/07 13:37:23 UTC,Cornell neurology research Boston
2025/09/07 13:37:23 UTC,Cornell neurology research Boston
2025/09/07 13:37:23 UTC,Cornell neurology research Boston
2025/09/07 13:37:24 UTC,Cornell neurology research Boston
2025/09/07 13:37:24 UTC,Cornell neurology research Boston
2025/09/07 13:37:26 UTC,Cornell neurology research Boston
2025/09/07 13:37:27 UTC,Cornell neurology research Boston
2025/09/07 13:37:27 UTC,Cornell neurology research Boston
2025/09/07 13:37:27 UTC,Cornell neurology research Boston
2025/09/07 13:37:32 UTC,Cornell neurology research Boston
2025/09/07 13:37:34 UTC,Cornell neurology research Boston
2025/09/07 13:37:36 UTC,Cornell neurology research Boston
2025/09/07 13:37:41 UTC,Cornell neurology research Boston
2025/09/07 13:37:43 UTC,Cornell neurology research Boston
2025/09/07 13:37:48 UTC,Cornell neurology research Boston
2025/09/07 13:37:52 UTC,Cornell neurology research Boston
2025/09/07 13:37:56 UTC,Cornell neurology research Boston
2025/09/07 13:37:58 UTC,Cornell neurology research Boston
2025/09/07 13:38:06 UTC,Cornell neurology research Boston
2025/09/07 13:38:47 UTC,Cornell neurology research Boston
2025/09/07 13:38:47 UTC,Cornell neurology research Boston
2025/09/07 13:38:47 UTC,Cornell neurology research Boston
2025/09/07 13:38:47 UTC,Cornell neurology research Boston
2025/09/07 13:38:48 UTC,Cornell neurology research Boston
2025/09/07 13:38:50 UTC,Cornell neurology research Boston
2025/09/07 13:38:51 UTC,Cornell neurology research Boston
2025/09/07 13:38:51 UTC,Cornell neurology research Boston
2025/09/07 13:38:52 UTC,Cornell neurology research Boston
2025/09/07 13:39:04 UTC,Cornell neurology research Boston
2025/09/07 13:39:56 UTC,Cornell neuroscience Boston
2025/09/07 13:39:56 UTC,Cornell neuroscience Boston
2025/09/07 13:40:01 UTC,Cornell neuroscience Boston
2025/09/07 13:40:01 UTC,Cornell neuroscience Boston
2025/09/07 13:40:01 UTC,Cornell neuroscience Boston
2025/09/07 13:40:02 UTC,Cornell neuroscience Boston
2025/09/07 13:40:04 UTC,Cornell neuroscience Boston
2025/09/07 13:40:05 UTC,Cornell neuroscience Boston
2025/09/07 13:40:05 UTC,Cornell neuroscience Boston
2025/09/07 13:40:06 UTC,Cornell neuroscience Boston
2025/09/07 13:40:06 UTC,Cornell neuroscience Boston
2025/09/07 13:40:10 UTC,Cornell neuroscience Boston
2025/09/07 13:40:13 UTC,Cornell neuroscience Boston
2025/09/07 13:40:16 UTC,Cornell neuroscience Boston
2025/09/07 13:40:28 UTC,Cornell neuroscience Boston
2025/09/07 13:40:28 UTC,Cornell neuroscience Boston
2025/09/07 13:40:29 UTC,Cornell neuroscience Boston
2025/09/07 13:40:29 UTC,Cornell neuroscience Boston
2025/09/07 13:40:30 UTC,Cornell neuroscience Boston
2025/09/07 13:40:31 UTC,Cornell neuroscience Boston
2025/09/07 13:40:31 UTC,Cornell neuroscience Boston
2025/09/07 13:40:32 UTC,Cornell neuroscience Boston
2025/09/07 13:40:34 UTC,Cornell neuroscience Boston
2025/09/07 13:40:39 UTC,Cornell neuroscience Boston
2025/09/07 13:40:43 UTC,Cornell neuroscience Boston
2025/09/07 13:40:43 UTC,Cornell neuroscience Boston
2025/09/07 13:40:47 UTC,Cornell neuroscience Boston
2025/09/07 13:40:50 UTC,Cornell neuroscience Boston
2025/09/07 13:40:50 UTC,Cornell neuroscience Boston
2025/09/07 13:40:56 UTC,Cornell neuroscience Boston
2025/09/07 13:41:00 UTC,Cornell neuroscience Boston
2025/09/07 13:41:01 UTC,Cornell neuroscience Boston
2025/09/07 13:41:06 UTC,Cornell neuroscience Boston
2025/09/07 13:41:06 UTC,Cornell neuroscience Boston
2025/09/07 13:41:07 UTC,Cornell neuroscience Boston
2025/09/07 13:41:17 UTC,Cornell neuroscience Boston
2025/09/07 13:41:19 UTC,Cornell neuroscience Boston
2025/09/07 13:41:24 UTC,Cornell neuroscience Boston
2025/09/07 13:41:28 UTC,Cornell neuroscience Boston
2025/09/07 13:41:28 UTC,Cornell neuroscience Boston
2025/09/07 13:41:33 UTC,Cornell neuroscience Boston
2025/09/07 13:41:36 UTC,Cornell neuroscience Boston
2025/09/07 13:41:40 UTC,Cornell neuroscience Boston
2025/09/07 13:41:41 UTC,Cornell neuroscience Boston
2025/09/07 13:41:47 UTC,Cornell neuroscience Boston
2025/09/07 13:41:48 UTC,Cornell neuroscience Boston
2025/09/07 13:41:54 UTC,Cornell neuroscience Boston
2025/09/07 13:41:55 UTC,Cornell neuroscience Boston
2025/09/07 13:41:59 UTC,Cornell neuroscience Boston
2025/09/07 13:42:01 UTC,Cornell neuroscience Boston
2025/09/07 13:42:02 UTC,Cornell neuroscience Boston
2025/09/07 13:42:12 UTC,Cornell neuroscience Boston
2025/09/07 13:42:12 UTC,Cornell neuroscience Boston
2025/09/07 13:42:19 UTC,Cornell neuroscience Boston
2025/09/07 13:42:20 UTC,Cornell neuroscience Boston
2025/09/07 13:42:27 UTC,Cornell neuroscience Boston
2025/09/07 13:42:28 UTC,Cornell neuroscience Boston
2025/09/07 13:42:33 UTC,Cornell neuroscience Boston
2025/09/07 13:42:34 UTC,Cornell neuroscience Boston
2025/09/07 13:42:44 UTC,Cornell neuroscience Boston
2025/09/07 13:42:49 UTC,Cornell neuroscience Boston
2025/09/07 13:42:50 UTC,Cornell neuroscience Boston
2025/09/07 13:42:54 UTC,Cornell neuroscience Boston
2025/09/07 13:42:55 UTC,Cornell neuroscience Boston
2025/09/07 13:42:59 UTC,Cornell neuroscience Boston
2025/09/07 13:43:12 UTC,Cornell neuroscience Boston
2025/09/07 13:43:15 UTC,Cornell neuroscience Boston
2025/09/07 13:43:16 UTC,Cornell neuroscience Boston
2025/09/07 13:43:23 UTC,Cornell neuroscience Boston
2025/09/07 13:43:24 UTC,Cornell neuroscience Boston
2025/09/07 13:43:31 UTC,Cornell neuroscience Boston
2025/09/07 13:43:34 UTC,Cornell neuroscience Boston
2025/09/07 13:43:35 UTC,Cornell neuroscience Boston
2025/09/07 13:43:41 UTC,Cornell neuroscience Boston
2025/09/07 13:43:42 UTC,Cornell neuroscience Boston
2025/09/07 13:43:49 UTC,Cornell neuroscience Boston
2025/09/07 13:43:49 UTC,Cornell neuroscience Boston
2025/09/07 13:44:12 UTC,weil Cornell neuroscience Boston
2025/09/07 13:44:12 UTC,weil Cornell neuroscience Boston
2025/09/07 13:44:12 UTC,weill cornell neuroscience boston
2025/09/07 13:44:16 UTC,weil Cornell neuroscience Boston
2025/09/07 13:44:16 UTC,weil Cornell neuroscience Boston
2025/09/07 13:44:16 UTC,weil Cornell neuroscience Boston
2025/09/07 13:44:17 UTC,weil Cornell neuroscience Boston
2025/09/07 13:44:17 UTC,weil Cornell neuroscience Boston
2025/09/07 13:44:20 UTC,weil Cornell neuroscience Boston
2025/09/07 13:44:20 UTC,weil Cornell neuroscience Boston
2025/09/07 13:44:20 UTC,weil Cornell neuroscience Boston
2025/09/07 13:44:26 UTC,weil Cornell neuroscience Boston
2025/09/07 13:44:26 UTC,weil Cornell neuroscience Boston
2025/09/07 13:44:26 UTC,weil Cornell neuroscience Boston
2025/09/07 13:44:26 UTC,weil Cornell neuroscience Boston
2025/09/07 13:44:27 UTC,weil Cornell neuroscience Boston
2025/09/07 13:44:27 UTC,weil Cornell neuroscience Boston
2025/09/07 13:44:27 UTC,weil Cornell neuroscience Boston
2025/09/07 13:44:27 UTC,weil Cornell neuroscience Boston
2025/09/07 13:44:28 UTC,weil Cornell neuroscience Boston
2025/09/07 13:44:28 UTC,weil Cornell neuroscience Boston
2025/09/07 13:44:36 UTC,weil Cornell neuroscience Boston
2025/09/07 13:44:40 UTC,weil Cornell neuroscience Boston
2025/09/07 13:44:45 UTC,weil Cornell neuroscience Boston
2025/09/07 13:44:46 UTC,weil Cornell neuroscience Boston
2025/09/07 13:44:50 UTC,weil Cornell neuroscience Boston
2025/09/07 13:44:55 UTC,weil Cornell neuroscience Boston
2025/09/07 13:44:59 UTC,weil Cornell neuroscience Boston
2025/09/07 17:23:19 UTC,senior product manager On-site or Hybrid
2025/09/08 05:14:58 UTC,senior product manager On-site or Hybrid
2025/09/08 05:47:26 UTC,senior product manager
2025/09/08 06:13:52 UTC,senior product manager
2025/09/08 17:27:18 UTC,senior product manager On-site or Hybrid
2025/09/09 05:10:55 UTC,senior product manager On-site or Hybrid
2025/09/09 07:01:08 UTC,senior product manager On-site or Hybrid
2025/09/09 08:28:11 UTC,senior product manager
2025/09/09 08:53:09 UTC,senior product manager
2025/09/09 17:44:31 UTC,senior product manager On-site or Hybrid
2025/09/10 05:21:06 UTC,senior product manager On-site or Hybrid
2025/09/10 11:38:19 UTC,senior product manager
2025/09/10 12:04:32 UTC,senior product manager
2025/09/10 17:32:39 UTC,senior product manager On-site or Hybrid
2025/09/11 05:24:10 UTC,senior product manager On-site or Hybrid
2025/09/11 14:52:53 UTC,senior product manager
2025/09/11 15:19:08 UTC,senior product manager
2025/09/11 17:59:21 UTC,senior product manager On-site or Hybrid
2025/09/12 05:23:37 UTC,senior product manager On-site or Hybrid
2025/09/12 17:26:32 UTC,senior product manager
2025/09/12 17:39:07 UTC,senior product manager On-site or Hybrid
2025/09/12 17:52:07 UTC,senior product manager
2025/09/13 05:12:55 UTC,senior product manager On-site or Hybrid
2025/09/13 17:39:22 UTC,senior product manager On-site or Hybrid
2025/09/13 19:58:22 UTC,senior product manager
2025/09/13 20:25:42 UTC,senior product manager
2025/09/14 05:21:18 UTC,senior product manager On-site or Hybrid
2025/09/14 17:31:15 UTC,senior product manager On-site or Hybrid
2025/09/14 22:39:38 UTC,senior product manager
2025/09/14 23:07:33 UTC,senior product manager
2025/09/15 05:05:00 UTC,senior product manager On-site or Hybrid
2025/09/15 17:18:35 UTC,senior product manager On-site or Hybrid
2025/09/16 01:11:54 UTC,senior product manager
2025/09/16 01:39:42 UTC,senior product manager
2025/09/16 05:37:14 UTC,senior product manager On-site or Hybrid
2025/09/16 15:53:57 UTC,dashbud
2025/09/16 15:53:58 UTC,dashbud
2025/09/16 15:53:59 UTC,dashbud
2025/09/16 17:59:58 UTC,senior product manager On-site or Hybrid
2025/09/16 23:02:18 UTC,senior product manager On-site or Hybrid
2025/09/17 03:48:39 UTC,senior product manager
2025/09/17 04:16:14 UTC,senior product manager
2025/09/17 11:56:47 UTC,senior product manager On-site or Hybrid
2025/09/17 17:29:54 UTC,senior product manager On-site or Hybrid
2025/09/17 21:39:16 UTC,early-stage startups
2025/09/17 21:39:17 UTC,early-stage startups
2025/09/17 21:39:18 UTC,emily mcginty blog posts
2025/09/18 05:45:37 UTC,senior product manager On-site or Hybrid
2025/09/18 06:20:28 UTC,senior product manager
2025/09/18 06:47:50 UTC,senior product manager
2025/09/18 16:05:48 UTC,continuous delivery
2025/09/18 16:05:49 UTC,continuous delivery
2025/09/18 16:05:49 UTC,cross-functional team leadership
2025/09/18 16:05:49 UTC,cross-functional team leadership
2025/09/18 16:05:49 UTC,legal assistant groups
2025/09/18 16:05:49 UTC,legalzoom
2025/09/18 16:05:49 UTC,legalzoom
2025/09/18 16:05:50 UTC,legal assistant groups
2025/09/18 16:05:56 UTC,legacy erp system challenges
2025/09/18 16:05:56 UTC,legacy erp system challenges
2025/09/18 16:05:59 UTC,legacy erp system challenges
2025/09/18 19:02:31 UTC,senior product manager On-site or Hybrid
2025/09/18 22:56:27 UTC,senior product manager On-site or Hybrid
2025/09/19 09:02:25 UTC,senior product manager
2025/09/19 09:30:51 UTC,senior product manager
2025/09/19 17:38:41 UTC,senior product manager On-site or Hybrid
2025/09/19 22:46:03 UTC,senior product manager On-site or Hybrid
2025/09/20 11:43:33 UTC,senior product manager
2025/09/20 12:11:17 UTC,senior product manager
2025/09/20 17:27:27 UTC,senior product manager On-site or Hybrid
2025/09/20 20:29:28 UTC,Head of Product Management
2025/09/20 22:42:21 UTC,senior product manager On-site or Hybrid
2025/09/21 12:40:46 UTC,sidara
2025/09/21 12:40:47 UTC,sidara
2025/09/21 12:40:47 UTC,sidara
2025/09/21 12:40:48 UTC,sidara
2025/09/21 12:40:48 UTC,sidara
2025/09/21 12:40:49 UTC,sidara
2025/09/21 12:40:51 UTC,sidara
2025/09/21 12:40:55 UTC,sidara
2025/09/21 12:40:55 UTC,sidara
2025/09/21 12:40:55 UTC,sidara
2025/09/21 12:40:56 UTC,sidara
2025/09/21 12:40:56 UTC,sidara
2025/09/21 12:40:58 UTC,sidara
2025/09/21 12:40:59 UTC,sidara
2025/09/21 12:40:59 UTC,sidara
2025/09/21 12:40:59 UTC,sidara
2025/09/21 12:41:37 UTC,sidara
2025/09/21 12:41:37 UTC,sidara
2025/09/21 12:41:38 UTC,sidara
2025/09/21 12:41:38 UTC,sidara
2025/09/21 12:41:38 UTC,sidara
2025/09/21 12:41:42 UTC,sidara
2025/09/21 12:41:42 UTC,sidara
2025/09/21 14:14:38 UTC,senior product manager
2025/09/21 14:42:56 UTC,senior product manager
2025/09/21 19:19:24 UTC,Head of Product Management
2025/09/21 22:30:14 UTC,senior product manager On-site or Hybrid
2025/09/21 22:31:40 UTC,senior product manager On-site or Hybrid
2025/09/22 16:49:02 UTC,senior product manager
2025/09/22 17:16:13 UTC,senior product manager On-site or Hybrid
2025/09/22 17:16:54 UTC,senior product manager
2025/09/22 23:09:00 UTC,senior product manager on-site or hybrid
2025/09/23 19:23:28 UTC,senior product manager
2025/09/23 19:51:21 UTC,senior product manager
2025/09/23 23:35:41 UTC,senior product manager on-site or hybrid
2025/09/24 00:35:58 UTC,senior product manager on-site or hybrid
2025/09/24 18:02:13 UTC,senior product manager on-site or hybrid
2025/09/24 22:06:04 UTC,senior product manager
2025/09/24 22:42:06 UTC,senior product manager
2025/09/25 00:56:52 UTC,senior product manager on-site or hybrid
2025/09/25 22:26:12 UTC,senior product manager on-site or hybrid
2025/09/25 22:58:01 UTC,senior product manager on-site or hybrid
2025/09/26 00:49:59 UTC,senior product manager
2025/09/26 01:16:20 UTC,senior product manager
2025/09/26 19:40:18 UTC,senior product manager on-site or hybrid
2025/09/27 01:30:08 UTC,senior product manager on-site or hybrid
2025/09/27 03:29:56 UTC,senior product manager
2025/09/27 03:58:35 UTC,senior product manager
2025/09/27 18:09:06 UTC,senior product manager on-site or hybrid
2025/09/28 01:55:44 UTC,senior product manager on-site or hybrid
2025/09/28 06:02:46 UTC,senior product manager
2025/09/28 06:31:38 UTC,senior product manager
2025/09/28 17:45:24 UTC,senior product manager on-site or hybrid
2025/09/28 23:33:33 UTC,senior product manager on-site or hybrid
2025/09/29 08:37:30 UTC,senior product manager
2025/09/29 09:05:32 UTC,senior product manager
2025/09/29 17:55:26 UTC,senior product manager on-site or hybrid
2025/09/29 22:34:15 UTC,senior product manager on-site or hybrid
2025/09/30 11:28:14 UTC,senior product manager
2025/09/30 11:56:03 UTC,senior product manager
2025/09/30 14:49:16 UTC,how to do surveys
2025/09/30 14:49:17 UTC,how to do surveys
2025/09/30 14:49:18 UTC,how to do surveys
2025/09/30 17:30:11 UTC,senior product manager on-site or hybrid
2025/09/30 22:32:03 UTC,senior product manager on-site or hybrid
2025/10/01 14:00:35 UTC,senior product manager
2025/10/01 14:28:40 UTC,senior product manager
2025/10/01 17:40:50 UTC,senior product manager on-site or hybrid
2025/10/01 22:27:45 UTC,senior product manager on-site or hybrid
2025/10/02 17:30:12 UTC,senior product manager
2025/10/02 17:55:13 UTC,senior product manager on-site or hybrid
2025/10/02 17:57:08 UTC,senior product manager
2025/10/02 22:30:12 UTC,senior product manager on-site or hybrid
2025/10/03 07:23:44 UTC,senior product manager on-site or hybrid
2025/10/03 12:33:36 UTC,Todd Rothman
2025/10/03 18:34:58 UTC,senior product manager on-site or hybrid
2025/10/03 20:24:22 UTC,senior product manager
2025/10/03 20:49:14 UTC,senior product manager
2025/10/03 22:52:09 UTC,senior product manager on-site or hybrid
2025/10/04 13:58:58 UTC,carlin hall
2025/10/04 13:58:58 UTC,carlin hall
2025/10/04 13:58:59 UTC,carlin hall
2025/10/04 13:58:59 UTC,carlin hall
2025/10/04 13:59:00 UTC,carlin hall
2025/10/04 14:00:22 UTC,Maura event
2025/10/04 14:00:24 UTC,Maura event
2025/10/04 14:00:26 UTC,Maura event
2025/10/04 14:00:27 UTC,Maura event
2025/10/04 14:00:27 UTC,Maura event
2025/10/04 14:00:38 UTC,Maura event
2025/10/04 14:02:05 UTC,Maura event
2025/10/04 14:02:15 UTC,Maura event
2025/10/04 14:02:15 UTC,Maura event
2025/10/04 14:02:15 UTC,Maura event
2025/10/04 14:02:16 UTC,Maura event
2025/10/04 14:02:18 UTC,Maura event
2025/10/04 14:03:06 UTC,Maura event
2025/10/04 14:03:19 UTC,Maura event
2025/10/04 14:03:20 UTC,Maura event
2025/10/04 14:03:29 UTC,Maura event nyc
2025/10/04 14:03:29 UTC,Maura event nyc
2025/10/04 14:03:29 UTC,maura events nyc
2025/10/04 14:03:31 UTC,Maura event nyc
2025/10/04 14:03:34 UTC,Maura event nyc
2025/10/04 14:03:34 UTC,Maura event nyc
2025/10/04 14:03:34 UTC,Maura event nyc
2025/10/04 14:03:42 UTC,Maura event nyc
2025/10/04 14:03:51 UTC,Maura event nyc
2025/10/04 14:03:51 UTC,Maura event nyc
2025/10/04 14:03:52 UTC,Maura event nyc
2025/10/04 14:03:53 UTC,Maura event nyc
2025/10/04 14:04:24 UTC,Maura event nyc
2025/10/04 14:04:39 UTC,Maura event nyc
2025/10/04 14:04:59 UTC,Maura event nyc
2025/10/04 14:04:59 UTC,Maura event nyc
2025/10/04 14:05:47 UTC,Maura event nyc
2025/10/04 14:05:56 UTC,Maura event nyc
2025/10/04 14:06:08 UTC,Maura event nyc
2025/10/04 14:06:08 UTC,Maura event nyc
2025/10/04 14:13:17 UTC,Maura thompson
2025/10/04 14:13:18 UTC,Maura thompson
2025/10/04 14:13:21 UTC,Maura thompson
2025/10/04 14:13:21 UTC,Maura thompson
2025/10/04 14:13:22 UTC,Maura thompson
2025/10/04 14:13:27 UTC,Maura thompson
2025/10/04 14:13:28 UTC,Maura thompson
2025/10/04 14:13:28 UTC,Maura thompson
2025/10/04 14:13:28 UTC,Maura thompson
2025/10/04 14:13:28 UTC,Maura thompson
2025/10/04 14:13:31 UTC,Maura thompson
2025/10/04 14:16:44 UTC,Maura Thompson
2025/10/04 14:16:44 UTC,Maura Thompson
2025/10/04 14:16:44 UTC,Maura Thompson
2025/10/04 14:16:45 UTC,Maura Thompson
2025/10/04 14:16:45 UTC,Maura Thompson
2025/10/04 14:17:06 UTC,Maura Thompson
2025/10/04 14:17:15 UTC,Maura Thompson
2025/10/04 14:17:19 UTC,Maura Thompson
2025/10/04 14:17:24 UTC,Maura Thompson
2025/10/04 14:17:27 UTC,Maura Thompson
2025/10/04 14:17:28 UTC,Maura Thompson
2025/10/04 14:17:46 UTC,Maura Thompson
2025/10/04 14:17:46 UTC,Maura Thompson
2025/10/04 14:17:46 UTC,Maura Thompson
2025/10/04 14:22:10 UTC,Moira thompson
2025/10/04 14:22:12 UTC,Moira thompson
2025/10/04 14:22:14 UTC,Moira thompson
2025/10/04 14:22:15 UTC,Moira thompson
2025/10/04 14:22:15 UTC,Moira thompson
2025/10/04 14:22:16 UTC,Moira thompson
2025/10/04 14:22:16 UTC,Moira thompson
2025/10/04 14:22:16 UTC,Moira thompson
2025/10/04 14:22:16 UTC,Moira thompson
2025/10/04 14:22:17 UTC,Moira thompson
2025/10/04 17:19:10 UTC,senior product manager on-site or hybrid
2025/10/04 22:17:50 UTC,senior product manager on-site or hybrid
2025/10/04 22:59:40 UTC,senior product manager
2025/10/04 23:25:56 UTC,senior product manager
2025/10/05 17:42:51 UTC,senior product manager on-site or hybrid
2025/10/05 22:40:05 UTC,senior product manager on-site or hybrid
2025/10/06 01:34:43 UTC,senior product manager
2025/10/06 02:02:59 UTC,senior product manager
2025/10/06 18:03:30 UTC,senior product manager on-site or hybrid
2025/10/06 22:32:03 UTC,senior product manager on-site or hybrid
2025/10/07 04:20:06 UTC,senior product manager
2025/10/07 04:48:19 UTC,senior product manager
2025/10/07 22:27:36 UTC,senior product manager on-site or hybrid
2025/10/07 22:56:46 UTC,senior product manager on-site or hybrid
2025/10/08 06:53:46 UTC,senior product manager
2025/10/08 07:21:26 UTC,senior product manager
2025/10/08 10:11:24 UTC,senior product manager on-site or hybrid
2025/10/08 18:03:58 UTC,senior product manager on-site or hybrid
2025/10/08 22:22:06 UTC,senior product manager on-site or hybrid
2025/10/09 09:47:56 UTC,senior product manager
2025/10/09 10:14:45 UTC,senior product manager
2025/10/09 17:48:21 UTC,senior product manager on-site or hybrid
2025/10/09 22:56:31 UTC,senior product manager on-site or hybrid
2025/10/10 12:23:38 UTC,senior product manager
2025/10/10 12:51:09 UTC,senior product manager
2025/10/10 18:23:59 UTC,senior product manager on-site or hybrid
2025/10/10 22:21:52 UTC,senior product manager on-site or hybrid
2025/10/11 14:57:24 UTC,senior product manager
2025/10/11 15:27:18 UTC,senior product manager
2025/10/11 18:02:02 UTC,senior product manager on-site or hybrid
2025/10/11 22:40:47 UTC,senior product manager on-site or hybrid
2025/10/12 17:30:14 UTC,senior product manager on-site or hybrid
2025/10/12 17:32:59 UTC,senior product manager
2025/10/12 18:00:00 UTC,senior product manager
2025/10/12 22:27:18 UTC,senior product manager on-site or hybrid
2025/10/13 17:41:14 UTC,senior product manager on-site or hybrid
2025/10/13 20:24:34 UTC,senior product manager
2025/10/13 20:51:24 UTC,senior product manager
2025/10/13 22:13:52 UTC,senior product manager on-site or hybrid
2025/10/14 17:51:20 UTC,senior product manager on-site or hybrid
2025/10/14 22:32:34 UTC,senior product manager on-site or hybrid
2025/10/14 22:59:35 UTC,senior product manager
2025/10/14 23:26:02 UTC,senior product manager
2025/10/15 17:22:54 UTC,senior product manager on-site or hybrid
2025/10/15 22:18:49 UTC,senior product manager on-site or hybrid
2025/10/16 01:43:07 UTC,senior product manager
2025/10/16 02:09:07 UTC,senior product manager
2025/10/16 07:28:29 UTC,senior product manager on-site or hybrid
2025/10/16 17:51:46 UTC,senior product manager on-site or hybrid
2025/10/17 00:53:47 UTC,senior product manager on-site or hybrid
2025/10/17 04:35:03 UTC,senior product manager
2025/10/17 05:02:19 UTC,senior product manager
2025/10/17 23:15:55 UTC,senior product manager on-site or hybrid
2025/10/17 23:18:08 UTC,senior product manager on-site or hybrid
2025/10/18 07:08:18 UTC,senior product manager
2025/10/18 07:47:14 UTC,senior product manager
2025/10/18 10:07:42 UTC,Corinne Nicole rivera
2025/10/18 10:07:48 UTC,Corinne Nicole rivera
2025/10/18 10:07:49 UTC,Corinne Nicole rivera
2025/10/18 10:08:02 UTC,Corinne Nicole rivera
2025/10/18 17:40:13 UTC,senior product manager on-site or hybrid
2025/10/19 00:16:47 UTC,senior product manager on-site or hybrid
2025/10/19 09:58:09 UTC,senior product manager
2025/10/19 10:30:09 UTC,senior product manager
2025/10/19 17:53:44 UTC,senior product manager on-site or hybrid
2025/10/19 22:36:45 UTC,senior product manager on-site or hybrid
2025/10/20 12:45:30 UTC,senior product manager
2025/10/20 13:15:54 UTC,senior product manager
2025/10/20 17:55:07 UTC,senior product manager on-site or hybrid
2025/10/20 23:02:40 UTC,senior product manager on-site or hybrid
2025/10/21 14:07:18 UTC,li ma williams college
2025/10/21 14:07:19 UTC,li ma williams college
2025/10/21 14:07:23 UTC,li ma williams college
2025/10/21 14:07:25 UTC,li ma williams college
2025/10/21 14:08:00 UTC,li ma williams college
2025/10/21 14:08:01 UTC,li ma williams college
2025/10/21 14:08:37 UTC,li ma williams college
2025/10/21 15:18:56 UTC,senior product manager
2025/10/21 15:50:44 UTC,senior product manager
2025/10/21 18:08:59 UTC,senior product manager on-site or hybrid
2025/10/21 22:44:20 UTC,senior product manager on-site or hybrid
2025/10/22 18:08:30 UTC,senior product manager on-site or hybrid
2025/10/22 18:28:50 UTC,senior product manager
2025/10/22 18:59:17 UTC,senior product manager
2025/10/22 22:50:54 UTC,senior product manager on-site or hybrid
2025/10/23 17:11:53 UTC,senior product manager on-site or hybrid
2025/10/23 21:03:07 UTC,senior product manager
2025/10/23 21:33:38 UTC,senior product manager
2025/10/23 22:38:05 UTC,senior product manager on-site or hybrid
2025/10/24 18:09:15 UTC,senior product manager on-site or hybrid
2025/10/24 20:45:54 UTC,craig bromberg
2025/10/24 20:45:57 UTC,craig bromberg
2025/10/24 22:15:39 UTC,senior product manager on-site or hybrid
2025/10/24 23:46:24 UTC,senior product manager
2025/10/25 00:16:26 UTC,senior product manager
2025/10/25 18:04:42 UTC,senior product manager on-site or hybrid
2025/10/25 22:20:41 UTC,senior product manager on-site or hybrid
2025/10/26 02:19:36 UTC,senior product manager
2025/10/26 02:52:39 UTC,senior product manager
2025/10/26 18:01:48 UTC,senior product manager on-site or hybrid
2025/10/26 22:10:04 UTC,senior product manager on-site or hybrid
2025/10/27 04:53:18 UTC,senior product manager
2025/10/27 05:25:15 UTC,senior product manager
2025/10/27 17:46:09 UTC,senior product manager on-site or hybrid
2025/10/28 02:22:04 UTC,senior product manager on-site or hybrid
2025/10/28 07:27:27 UTC,senior product manager
2025/10/28 08:00:57 UTC,senior product manager
2025/10/28 18:06:14 UTC,senior product manager on-site or hybrid
2025/10/28 22:36:34 UTC,senior product manager on-site or hybrid
2025/10/29 10:03:47 UTC,senior product manager
2025/10/29 10:36:24 UTC,senior product manager
2025/10/29 18:11:38 UTC,senior product manager on-site or hybrid
2025/10/29 23:52:17 UTC,senior product manager on-site or hybrid
2025/10/30 08:47:24 UTC,senior product manager on-site or hybrid
2025/10/30 12:52:17 UTC,senior product manager
2025/10/30 13:23:23 UTC,senior product manager
2025/10/30 18:21:08 UTC,senior product manager on-site or hybrid
2025/10/30 23:48:37 UTC,senior product manager on-site or hybrid
2025/10/31 11:56:35 UTC,senior product manager on-site or hybrid
2025/10/31 15:38:25 UTC,senior product manager
2025/10/31 16:11:11 UTC,senior product manager
2025/10/31 18:20:08 UTC,senior product manager on-site or hybrid
2025/11/01 06:32:24 UTC,senior product manager on-site or hybrid
2025/11/01 18:32:48 UTC,senior product manager
2025/11/01 19:06:20 UTC,senior product manager
2025/11/01 20:20:09 UTC,senior product manager on-site or hybrid
2025/11/01 23:55:07 UTC,senior product manager on-site or hybrid
2025/11/02 19:05:16 UTC,senior product manager on-site or hybrid
2025/11/02 21:24:47 UTC,senior product manager
2025/11/02 21:58:23 UTC,senior product manager
2025/11/03 00:05:56 UTC,senior product manager on-site or hybrid
2025/11/03 11:34:02 UTC,senior product manager on-site or hybrid
2025/11/03 20:03:54 UTC,senior product manager on-site or hybrid
2025/11/03 23:48:20 UTC,senior product manager on-site or hybrid
2025/11/03 23:59:20 UTC,senior product manager
2025/11/04 00:33:08 UTC,senior product manager
2025/11/04 19:47:48 UTC,senior product manager on-site or hybrid
2025/11/05 02:00:49 UTC,senior product manager on-site or hybrid
2025/11/05 03:00:53 UTC,senior product manager
2025/11/05 03:32:04 UTC,senior product manager
2025/11/05 10:42:46 UTC,senior product manager on-site or hybrid
2025/11/05 18:16:07 UTC,senior product manager on-site or hybrid
2025/11/05 23:47:16 UTC,senior product manager on-site or hybrid
2025/11/06 05:35:21 UTC,senior product manager
2025/11/06 06:08:23 UTC,senior product manager
2025/11/06 16:57:52 UTC,senior product manager on-site or hybrid
2025/11/06 19:03:31 UTC,senior product manager on-site or hybrid
2025/11/07 05:20:23 UTC,senior product manager On-site or Hybrid
2025/11/07 08:09:28 UTC,senior product manager
2025/11/07 08:43:38 UTC,senior product manager
2025/11/07 18:43:01 UTC,senior product manager on-site or hybrid
2025/11/08 05:13:16 UTC,senior product manager On-site or Hybrid
2025/11/08 11:09:16 UTC,senior product manager
2025/11/08 11:41:00 UTC,senior product manager
2025/11/08 19:27:04 UTC,senior product manager on-site or hybrid
2025/11/09 05:25:28 UTC,senior product manager On-site or Hybrid
2025/11/09 13:43:19 UTC,senior product manager
2025/11/09 14:12:48 UTC,senior product manager
2025/11/09 18:22:58 UTC,senior product manager on-site or hybrid
2025/11/10 05:10:47 UTC,senior product manager On-site or Hybrid
2025/11/10 16:18:43 UTC,senior product manager
2025/11/10 16:47:02 UTC,senior product manager
2025/11/10 19:12:30 UTC,senior product manager on-site or hybrid
2025/11/11 05:30:38 UTC,senior product manager On-site or Hybrid
2025/11/11 18:58:22 UTC,senior product manager on-site or hybrid
2025/11/11 19:20:04 UTC,senior product manager
2025/11/11 19:50:04 UTC,senior product manager
2025/11/12 05:08:10 UTC,senior product manager On-site or Hybrid
2025/11/12 19:43:49 UTC,senior product manager on-site or hybrid
2025/11/12 22:17:22 UTC,senior product manager
2025/11/12 22:44:19 UTC,senior product manager
2025/11/13 05:35:18 UTC,senior product manager On-site or Hybrid
2025/11/13 10:35:17 UTC,senior product manager on-site or hybrid
2025/11/13 19:18:14 UTC,senior product manager on-site or hybrid
2025/11/14 01:15:09 UTC,senior product manager
2025/11/14 01:44:33 UTC,senior product manager
2025/11/14 05:51:50 UTC,senior product manager On-site or Hybrid
2025/11/14 18:10:59 UTC,senior product manager on-site or hybrid
2025/11/15 03:45:23 UTC,senior product manager
2025/11/15 04:17:36 UTC,senior product manager
2025/11/15 05:17:42 UTC,senior product manager On-site or Hybrid
2025/11/15 18:32:47 UTC,senior product manager on-site or hybrid
2025/11/16 05:38:18 UTC,senior product manager On-site or Hybrid
2025/11/16 06:24:37 UTC,senior product manager
2025/11/16 06:57:06 UTC,senior product manager
2025/11/16 18:11:08 UTC,senior product manager on-site or hybrid
2025/11/17 05:39:31 UTC,senior product manager On-site or Hybrid
2025/11/17 08:54:20 UTC,senior product manager
2025/11/17 09:26:04 UTC,senior product manager
2025/11/17 19:10:41 UTC,senior product manager on-site or hybrid
2025/11/18 07:03:42 UTC,senior product manager on-site or hybrid
2025/11/18 11:51:55 UTC,senior product manager
2025/11/18 12:21:50 UTC,senior product manager
2025/11/18 18:49:59 UTC,senior product manager on-site or hybrid
2025/11/19 05:28:38 UTC,Sr. Technical Product Manager for Customer Acquisition and Support
2025/11/19 05:28:38 UTC,senior product manager On-site or Hybrid
2025/11/19 09:21:09 UTC,senior product manager on-site or hybrid
2025/11/19 14:31:29 UTC,senior product manager
2025/11/19 15:07:51 UTC,senior product manager
2025/11/19 18:53:33 UTC,senior product manager on-site or hybrid
2025/11/20 05:20:16 UTC,Sr. Technical Product Manager for Customer Acquisition and Support
2025/11/20 05:20:16 UTC,senior product manager On-site or Hybrid
2025/11/20 08:07:19 UTC,senior product manager on-site or hybrid
2025/11/20 17:31:17 UTC,senior product manager
2025/11/20 17:59:06 UTC,senior product manager
2025/11/20 19:10:10 UTC,senior product manager on-site or hybrid
2025/11/21 05:06:39 UTC,senior product manager On-site or Hybrid
2025/11/21 08:04:20 UTC,senior product manager on-site or hybrid
2025/11/21 19:25:38 UTC,senior product manager on-site or hybrid
2025/11/21 20:11:16 UTC,senior product manager
2025/11/21 20:39:03 UTC,senior product manager
2025/11/22 05:28:45 UTC,senior product manager On-site or Hybrid
2025/11/22 18:47:44 UTC,senior product manager on-site or hybrid
2025/11/22 22:41:24 UTC,senior product manager
2025/11/22 23:06:47 UTC,senior product manager
2025/11/23 05:38:53 UTC,senior product manager On-site or Hybrid
2025/11/23 18:09:03 UTC,senior product manager on-site or hybrid
2025/11/24 01:11:11 UTC,senior product manager
2025/11/24 01:35:54 UTC,senior product manager
2025/11/24 05:24:30 UTC,senior product manager On-site or Hybrid
2025/11/24 19:10:37 UTC,senior product manager on-site or hybrid
2025/11/25 03:39:47 UTC,senior product manager
2025/11/25 04:04:02 UTC,senior product manager
2025/11/25 05:10:29 UTC,senior product manager On-site or Hybrid
2025/11/25 19:57:19 UTC,senior product manager on-site or hybrid
2025/11/26 05:06:53 UTC,senior product manager On-site or Hybrid
2025/11/26 06:10:38 UTC,senior product manager
2025/11/26 06:35:27 UTC,senior product manager
2025/11/26 18:43:23 UTC,senior product manager on-site or hybrid
2025/11/27 05:28:30 UTC,senior product manager On-site or Hybrid
2025/11/27 08:39:02 UTC,senior product manager
2025/11/27 09:03:22 UTC,senior product manager
2025/11/27 18:58:55 UTC,senior product manager on-site or hybrid
2025/11/28 06:12:05 UTC,senior product manager On-site or Hybrid
2025/11/28 11:04:19 UTC,senior product manager
2025/11/28 11:30:05 UTC,senior product manager
2025/11/28 19:06:55 UTC,senior product manager on-site or hybrid
2025/11/29 05:51:28 UTC,senior product manager On-site or Hybrid
2025/11/29 13:29:20 UTC,senior product manager
2025/11/29 13:56:57 UTC,senior product manager
2025/11/29 18:28:14 UTC,senior product manager on-site or hybrid
2025/11/30 05:36:59 UTC,senior product manager On-site or Hybrid
2025/11/30 15:52:46 UTC,senior product manager
2025/11/30 16:19:33 UTC,senior product manager
2025/11/30 18:54:56 UTC,senior product manager on-site or hybrid
2025/12/01 06:01:19 UTC,senior product manager On-site or Hybrid
2025/12/01 18:14:33 UTC,senior product manager
2025/12/01 18:40:33 UTC,senior product manager
2025/12/01 19:06:53 UTC,senior product manager on-site or hybrid
2025/12/02 05:45:13 UTC,senior product manager On-site or Hybrid
2025/12/02 19:14:19 UTC,senior product manager on-site or hybrid
2025/12/02 20:36:41 UTC,senior product manager
2025/12/02 21:01:47 UTC,senior product manager
2025/12/03 06:56:50 UTC,senior product manager On-site or Hybrid
2025/12/03 19:56:52 UTC,senior product manager on-site or hybrid
2025/12/03 23:25:30 UTC,senior product manager
2025/12/03 23:52:42 UTC,senior product manager
2025/12/04 05:47:55 UTC,senior product manager On-site or Hybrid
2025/12/04 18:19:32 UTC,senior product manager on-site or hybrid
2025/12/05 01:48:54 UTC,senior product manager
2025/12/05 02:17:24 UTC,senior product manager
2025/12/05 05:19:19 UTC,senior product manager On-site or Hybrid
2025/12/05 18:41:56 UTC,senior product manager on-site or hybrid
2025/12/06 04:13:23 UTC,senior product manager
2025/12/06 04:42:08 UTC,senior product manager
2025/12/06 05:08:10 UTC,senior product manager On-site or Hybrid
2025/12/06 18:30:33 UTC,senior product manager on-site or hybrid
2025/12/07 06:15:13 UTC,senior product manager on-site or hybrid
2025/12/07 06:38:13 UTC,senior product manager
2025/12/07 07:05:29 UTC,senior product manager
2025/12/07 18:08:39 UTC,senior product manager on-site or hybrid
2025/12/08 02:03:14 UTC,senior product manager On-site or Hybrid
2025/12/08 07:51:39 UTC,senior product manager On-site or Hybrid
2025/12/08 09:02:20 UTC,senior product manager
2025/12/08 09:26:39 UTC,senior product manager
2025/12/08 18:13:02 UTC,senior product manager on-site or hybrid
2025/12/08 23:55:42 UTC,senior product manager On-site or Hybrid
2025/12/09 11:23:34 UTC,senior product manager
2025/12/09 11:46:22 UTC,senior product manager
2025/12/09 12:02:12 UTC,senior product manager On-site or Hybrid
2025/12/09 12:02:12 UTC,senior product manager On-site or Hybrid
2025/12/10 05:27:02 UTC,senior product manager On-site or Hybrid
2025/12/10 05:27:02 UTC,senior product manager On-site or Hybrid
2025/12/10 14:05:05 UTC,senior product manager
2025/12/10 14:26:57 UTC,senior product manager
2025/12/10 18:56:44 UTC,senior product manager on-site or hybrid
2025/12/11 05:36:52 UTC,senior product manager On-site or Hybrid
2025/12/11 16:19:08 UTC,senior product manager
2025/12/11 16:39:25 UTC,senior product manager
2025/12/11 18:04:56 UTC,senior product manager on-site or hybrid
2025/12/12 05:25:24 UTC,senior product manager On-site or Hybrid
2025/12/12 18:21:42 UTC,senior product manager on-site or hybrid
2025/12/13 05:42:35 UTC,senior product manager On-site or Hybrid
2025/12/13 18:28:51 UTC,senior product manager on-site or hybrid
2025/12/14 05:11:35 UTC,senior product manager On-site or Hybrid
2025/12/14 19:02:10 UTC,senior product manager on-site or hybrid
2025/12/15 05:22:02 UTC,senior product manager On-site or Hybrid
2025/12/15 18:51:46 UTC,senior product manager on-site or hybrid
2025/12/16 18:54:16 UTC,senior product manager on-site or hybrid
2025/12/16 19:49:53 UTC,senior product manager On-site or Hybrid
2025/12/17 17:56:53 UTC,senior product manager on-site or hybrid
2025/12/17 22:23:22 UTC,senior product manager on-site or hybrid
2025/12/18 06:30:24 UTC,senior product manager on-site or hybrid
2025/12/18 12:08:02 UTC,senior product manager On-site or Hybrid
2025/12/18 12:08:02 UTC,senior product manager On-site or Hybrid
2025/12/19 05:09:12 UTC,senior product manager On-site or Hybrid
2025/12/19 05:09:12 UTC,senior product manager On-site or Hybrid
2025/12/19 19:01:06 UTC,senior product manager on-site or hybrid
2025/12/20 05:53:52 UTC,senior product manager On-site or Hybrid
2025/12/20 16:58:03 UTC,blue mercury leadership
2025/12/20 16:58:03 UTC,blue mercury leadership
2025/12/20 16:58:04 UTC,blue mercury leadership
2025/12/20 16:58:04 UTC,blue mercury leadership
2025/12/20 16:58:05 UTC,blue mercury leadership
2025/12/20 16:58:05 UTC,blue mercury leadership
2025/12/20 16:58:06 UTC,blue mercury leadership
2025/12/20 16:58:06 UTC,blue mercury leadership
2025/12/20 17:08:29 UTC,blue mercury leadership
2025/12/20 17:08:29 UTC,blue mercury leadership
2025/12/20 17:08:39 UTC,Area Lead
2025/12/21 00:20:33 UTC,senior product manager on-site or hybrid
2025/12/21 05:53:23 UTC,senior product manager On-site or Hybrid
2025/12/22 05:35:05 UTC,senior product manager On-site or Hybrid
2025/12/22 05:35:06 UTC,senior product manager On-site or Hybrid
2025/12/22 09:26:32 UTC,senior product manager on-site or hybrid
2025/12/22 19:13:39 UTC,Area Lead
2025/12/23 05:44:44 UTC,senior product manager On-site or Hybrid
2025/12/23 05:44:44 UTC,senior product manager On-site or Hybrid
2025/12/23 18:42:32 UTC,senior product manager on-site or hybrid
2025/12/23 20:22:27 UTC,Area Lead
2025/12/24 03:42:14 UTC,senior product manager on-site or hybrid
2025/12/24 18:08:04 UTC,senior product manager on-site or hybrid
2026/01/25 18:24:44 UTC,henry p davis
2026/01/25 18:24:45 UTC,henry p davis
2026/01/25 18:24:54 UTC,henry p davis
2026/01/25 18:24:56 UTC,henry p davis
2026/01/25 18:25:02 UTC,henry p davis arden
2026/01/25 18:25:02 UTC,henry p davis arden
2026/01/25 18:25:07 UTC,henry p davis arden asset
2026/01/25 18:25:07 UTC,henry p davis arden asset
2026/01/25 18:25:11 UTC,henry p davis arden asset
2026/01/25 18:25:13 UTC,henry p davis arden asset
2026/01/25 18:26:12 UTC,henry davis arden asset
2026/01/25 18:26:13 UTC,henry davis arden asset
2026/01/25 18:26:21 UTC,arden asset
2026/01/25 18:26:21 UTC,arden asset
2026/01/25 18:26:22 UTC,arden asset
2026/01/25 18:26:33 UTC,arden asset
2026/01/25 18:26:33 UTC,arden asset
2026/01/28 15:41:12 UTC,PostSurgy
2026/01/28 15:41:12 UTC,PostSurgy
2026/01/28 15:41:12 UTC,post surgy
2026/01/28 15:41:13 UTC,PostSurgy
2026/01/29 23:01:25 UTC,early-stage startups
2026/01/29 23:01:25 UTC,early-stage startups
2026/01/29 23:01:25 UTC,eyewear groups
2026/01/29 23:01:25 UTC,eyewear groups
2026/01/29 23:01:35 UTC,eyal friedman
2026/01/29 23:01:36 UTC,eyal friedman
2026/01/29 23:01:38 UTC,eyal friedman
2026/01/29 23:01:38 UTC,eyal friedman
2026/01/29 23:02:20 UTC,eyal friedman
2026/01/29 23:02:20 UTC,eyal friedman
2026/02/19 05:18:05 UTC,Sr. Technical Product Manager for Customer Acquisition and Support
2026/02/20 05:16:53 UTC,Sr. Technical Product Manager for Customer Acquisition and Support
2026/02/21 05:51:10 UTC,Sr. Technical Product Manager for Customer Acquisition and Support
2026/02/22 05:22:04 UTC,Sr. Technical Product Manager for Customer Acquisition and Support
2026/02/25 05:40:13 UTC,Sr. Technical Product Manager for Customer Acquisition and Support
2026/02/26 05:17:31 UTC,Sr. Technical Product Manager for Customer Acquisition and Support
2026/02/27 05:30:32 UTC,Sr. Technical Product Manager for Customer Acquisition and Support
2026/02/28 05:30:54 UTC,Sr. Technical Product Manager for Customer Acquisition and Support
2026/03/01 05:26:36 UTC,Sr. Technical Product Manager for Customer Acquisition and Support
2026/03/03 05:11:11 UTC,Sr. Technical Product Manager for Customer Acquisition and Support
2026/03/06 05:52:31 UTC,Sr. Technical Product Manager for Customer Acquisition and Support
2026/03/07 05:55:14 UTC,Sr. Technical Product Manager for Customer Acquisition and Support
2026/03/08 05:22:22 UTC,Sr. Technical Product Manager for Customer Acquisition and Support
2026/03/14 05:25:53 UTC,Sr. Technical Product Manager for Customer Acquisition and Support
2026/03/16 05:23:03 UTC,Sr. Technical Product Manager for Customer Acquisition and Support
2026/03/17 05:16:03 UTC,Sr. Technical Product Manager for Customer Acquisition and Support
2026/03/19 05:45:47 UTC,Sr. Technical Product Manager for Customer Acquisition and Support
2026/03/23 09:12:44 UTC,Sr. Technical Product Manager for Customer Acquisition and Support
2026/04/03 08:25:17 UTC,Sr. Technical Product Manager for Customer Acquisition and Support
2026/04/05 05:23:41 UTC,Sr. Technical Product Manager for Customer Acquisition and Support
2026/04/08 06:09:28 UTC,Sr. Technical Product Manager for Customer Acquisition and Support
2026/04/09 05:48:30 UTC,Sr. Technical Product Manager for Customer Acquisition and Support
2026/04/10 05:34:42 UTC,Sr. Technical Product Manager for Customer Acquisition and Support
2026/04/13 05:57:49 UTC,Sr. Technical Product Manager for Customer Acquisition and Support
2026/04/14 05:26:43 UTC,Sr. Technical Product Manager for Customer Acquisition and Support
2026/04/16 06:33:39 UTC,Sr. Technical Product Manager for Customer Acquisition and Support
2026/04/18 06:28:01 UTC,Sr. Technical Product Manager for Customer Acquisition and Support
2026/04/21 06:06:31 UTC,Sr. Technical Product Manager for Customer Acquisition and Support
2026/04/22 05:34:47 UTC,Sr. Technical Product Manager for Customer Acquisition and Support
2026/04/24 06:06:16 UTC,Sr. Technical Product Manager for Customer Acquisition and Support
2026/04/28 05:44:45 UTC,Sr. Technical Product Manager for Customer Acquisition and Support
2026/04/28 10:27:14 UTC,auth0
2026/04/28 10:27:15 UTC,auth0
2026/04/28 10:27:16 UTC,auth0
2026/04/28 10:27:16 UTC,auth0
2026/04/28 10:27:17 UTC,auth0
2026/04/28 10:27:17 UTC,auth0
2026/04/28 10:27:18 UTC,auth0
2026/04/28 10:27:18 UTC,auth0
2026/04/28 10:27:19 UTC,auth0
2026/04/28 10:27:19 UTC,auth0
2026/04/28 10:28:11 UTC,Auth0 mythos
2026/04/28 10:28:11 UTC,Auth0 mythos
2026/04/28 10:28:12 UTC,Auth0 mythos
2026/04/28 10:28:12 UTC,Auth0 mythos
2026/04/28 10:28:13 UTC,Auth0 mythos
2026/04/28 10:28:13 UTC,Auth0 mythos
2026/04/28 10:28:14 UTC,Auth0 mythos
2026/04/28 10:28:14 UTC,Auth0 mythos
2026/04/28 10:28:15 UTC,Auth0 mythos
2026/04/28 10:28:15 UTC,Auth0 mythos
2026/05/05 05:21:33 UTC,Sr. Technical Product Manager for Customer Acquisition and Support
2026/05/18 05:59:28 UTC,Senior Technical Product Manager
2026/05/19 11:01:00 UTC,dow jones
2026/05/19 11:01:00 UTC,dow jones
2026/05/19 11:01:01 UTC,dow jones
2026/05/19 11:01:01 UTC,dow jones
2026/05/19 11:01:02 UTC,dow jones
2026/05/19 11:01:02 UTC,dow jones
2026/05/19 11:01:03 UTC,dow jones
2026/05/19 11:01:04 UTC,dow jones
2026/05/19 11:01:04 UTC,dow jones
2026/05/19 11:01:04 UTC,dow jones
2026/05/19 11:01:05 UTC,dow jones
2026/05/19 11:01:05 UTC,dow jones
2026/05/19 11:01:06 UTC,dow jones
2026/05/19 11:01:07 UTC,dow jones
2026/05/19 11:01:10 UTC,dow jones
2026/05/19 11:01:13 UTC,dow jones
2026/05/19 11:01:16 UTC,dow jones
2026/05/19 11:01:32 UTC,dow jones toronto
2026/05/19 11:01:32 UTC,dow jones toronto
2026/05/19 11:01:33 UTC,dow jones toronto
2026/05/19 11:01:33 UTC,dow jones toronto
2026/05/19 11:01:33 UTC,dow jones toronto
2026/05/19 11:01:40 UTC,dow jones toronto
2026/05/19 11:01:41 UTC,dow jones toronto
2026/05/19 11:01:44 UTC,dow jones toronto
2026/05/19 11:01:45 UTC,dow jones toronto
2026/05/19 11:01:50 UTC,dow jones toronto
2026/05/19 11:01:52 UTC,dow jones toronto
2026/05/19 11:01:54 UTC,dow jones toronto
2026/05/19 11:01:57 UTC,dow jones toronto
2026/05/19 11:01:59 UTC,dow jones toronto
2026/05/19 11:02:02 UTC,dow jones toronto
2026/05/19 11:02:05 UTC,dow jones toronto
2026/05/19 11:02:07 UTC,dow jones toronto
2026/05/19 11:02:10 UTC,dow jones toronto
2026/05/19 11:02:11 UTC,dow jones toronto
2026/05/19 11:02:16 UTC,dow jones toronto
2026/05/19 11:02:18 UTC,dow jones toronto
2026/05/19 11:02:21 UTC,dow jones toronto
2026/05/19 11:02:23 UTC,dow jones toronto
2026/05/19 11:02:27 UTC,dow jones toronto
2026/05/19 11:02:50 UTC,dow jones toronto
2026/05/19 11:02:51 UTC,dow jones toronto
2026/05/19 11:02:51 UTC,dow jones toronto
2026/05/19 11:02:51 UTC,dow jones toronto
2026/05/19 11:02:52 UTC,dow jones toronto
2026/05/19 11:02:53 UTC,dow jones toronto
2026/05/19 11:02:55 UTC,dow jones toronto
2026/05/19 11:02:59 UTC,dow jones toronto
2026/05/19 11:03:06 UTC,dow jones toronto
2026/05/19 11:03:10 UTC,dow jones toronto
2026/05/19 11:03:11 UTC,dow jones toronto
2026/05/19 11:03:14 UTC,dow jones toronto
2026/05/19 11:03:24 UTC,dow jones toronto sales
2026/05/19 11:03:24 UTC,dow jones toronto sales
2026/05/19 11:03:25 UTC,dow jones toronto sales
2026/05/19 11:03:25 UTC,dow jones toronto sales
2026/05/19 11:03:25 UTC,dow jones toronto sales
2026/05/19 11:03:27 UTC,dow jones toronto sales
2026/05/19 11:03:27 UTC,dow jones toronto sales
2026/05/19 11:03:30 UTC,dow jones toronto sales
2026/05/19 11:03:34 UTC,dow jones toronto sales
2026/05/20 06:05:01 UTC,Senior Technical Product Manager
2026/05/20 11:12:47 UTC,Gregory+ Noel
2026/05/20 11:12:48 UTC,Gregory+ Noel
2026/05/20 11:13:29 UTC,gregory noel
2026/05/20 11:13:30 UTC,gregory noel
2026/05/20 11:14:13 UTC,gregory noel
2026/05/20 11:14:14 UTC,gregory noel
2026/05/20 11:39:56 UTC,greg nofi
2026/05/20 11:40:21 UTC,greg nofi
2026/05/20 11:40:25 UTC,greg nofi
2026/05/21 06:19:11 UTC,Montgomery photographer
2026/05/21 06:19:12 UTC,Montgomery photographer
2026/05/21 06:19:12 UTC,montgomery photography
2026/05/21 06:19:13 UTC,Montgomery photographer
2026/05/21 06:19:13 UTC,Montgomery photographer
2026/05/21 06:19:13 UTC,montgomery photography
2026/05/21 06:19:14 UTC,Montgomery photographer
2026/05/21 06:19:14 UTC,Montgomery photographer
2026/05/21 06:19:14 UTC,montgomery photography
2026/05/21 06:19:15 UTC,Montgomery photographer
2026/05/21 06:19:15 UTC,Montgomery photographer
2026/05/21 06:19:15 UTC,montgomery photography
2026/05/21 06:19:17 UTC,Montgomery photographer
2026/05/21 06:19:17 UTC,Montgomery photographer
2026/05/21 06:19:17 UTC,montgomery photography
2026/05/21 06:19:20 UTC,Montgomery photographer
2026/05/21 06:19:21 UTC,Montgomery photographer
2026/05/21 06:19:21 UTC,Montgomery photographer
2026/05/21 06:19:21 UTC,Montgomery photographer
2026/05/21 06:19:21 UTC,Montgomery photographer
2026/05/21 06:19:22 UTC,Montgomery photographer
2026/05/21 06:19:22 UTC,Montgomery photographer
2026/05/21 06:19:24 UTC,Montgomery photographer
2026/05/21 06:19:31 UTC,Montgomery photographer
2026/05/21 06:19:43 UTC,Montgomery photographer
2026/05/21 06:19:49 UTC,Montgomery photographer
2026/05/21 06:19:52 UTC,Montgomery photographer
2026/05/21 06:19:59 UTC,Montgomery photographer
2026/05/21 06:20:05 UTC,Montgomery photographer
2026/05/21 06:20:11 UTC,Montgomery photographer
2026/05/21 06:29:28 UTC,Montgomery stylist
2026/05/21 06:29:29 UTC,Montgomery stylist
2026/05/21 06:29:29 UTC,Montgomery stylist
2026/05/21 06:29:29 UTC,Montgomery stylist
2026/05/21 06:29:30 UTC,Montgomery stylist
2026/05/21 06:29:30 UTC,Montgomery stylist
2026/05/21 06:29:32 UTC,Montgomery stylist
2026/05/21 06:29:34 UTC,Montgomery stylist
2026/05/21 06:29:38 UTC,Montgomery stylist
2026/05/21 06:29:41 UTC,Montgomery stylist
2026/05/21 06:30:00 UTC,Montgomery photo producer
2026/05/21 06:30:00 UTC,Montgomery photo producer
2026/05/21 06:30:00 UTC,Montgomery photo producer
2026/05/21 06:30:01 UTC,Montgomery photo producer
2026/05/21 06:30:01 UTC,Montgomery photo producer
2026/05/21 06:30:02 UTC,Montgomery photo producer
2026/05/21 06:30:03 UTC,Montgomery photo producer
2026/05/21 06:30:05 UTC,Montgomery photo producer
2026/05/21 06:30:08 UTC,Montgomery photo producer
2026/05/21 06:30:10 UTC,Montgomery photo producer
2026/05/21 06:30:13 UTC,Montgomery photo producer
2026/05/21 06:30:16 UTC,Montgomery photo producer
2026/05/21 06:30:20 UTC,Montgomery photo producer
2026/05/21 06:30:25 UTC,Montgomery photo producer
2026/06/08 05:24:14 UTC,Senior Technical Product Manager
2026/06/10 06:14:44 UTC,Senior Technical Product Manager
