Saved Date,Job Url,Job Title,Company Name
"10/9/23, 8:05 AM",http://www.linkedin.com/jobs/view/3730883108,"Program & Project Management, Senior Manager",Salesforce
"3/1/17, 3:56 AM",http://www.linkedin.com/jobs/view/244179456,Principal Consultant - Digital Strategist,Adobe
"10/9/23, 7:44 AM",http://www.linkedin.com/jobs/view/3688438037,"Principal Technical Program Manager - Sponsored TV advertising, Amazon",Amazon
"10/9/23, 7:15 AM",http://www.linkedin.com/jobs/view/3734664708,"Technical Program Manager, Revenue and Finance Automation",Stripe
"1/20/20, 8:30 PM",http://www.linkedin.com/jobs/view/1645057515,Product Manager - SoundBetter,Spotify
"3/1/17, 3:55 AM",http://www.linkedin.com/jobs/view/245078384,Digital Transformation Leader - Media & Entertainment,Adobe
"5/24/24, 6:15 AM",http://www.linkedin.com/jobs/view/3909208409,"Senior Technical Program Manager, Growth",Grammarly
"10/9/23, 7:17 AM",http://www.linkedin.com/jobs/view/3713711264,"Product Technical Program Manager, Ads Infra",Meta
"10/14/21, 5:29 AM",http://www.linkedin.com/jobs/view/2729381077,Technology Strategist,Cerberus Capital Management
"5/24/24, 6:16 AM",http://www.linkedin.com/jobs/view/3920298768,Senior Technical Program Manager,MongoDB
"3/1/17, 4:03 AM",http://www.linkedin.com/jobs/view/245027362,"Senior Product Manager, SeatGuru",Tripadvisor
"4/18/24, 12:48 PM",http://www.linkedin.com/jobs/view/3855075787,"Technical Program Manager, ML / AI",Meta
"10/9/23, 8:04 AM",http://www.linkedin.com/jobs/view/3734431022,Technical Program Manager - Avatars & Identity,Oculus VR
"10/29/16, 10:55 AM",http://www.linkedin.com/jobs/view/196428977,Senior Manager of Digital Experience & Innovation,Equinox
